url,title,corpus_section,text_type,concept,frame,metaphor,subject_role,value_opposition,action_model
https://tass.ru/ekonomika/27040453,Затраты бизнеса в РФ на ИИ в 2025 году составили 257 млрд рублей,Новости,Новость о внедрении ИИ,РАЗВИТИЕ,технологический прорыв,технология как двигатель,государство / эксперт,прогресс / отставание,модернизация
https://tass.ru/ekonomika/27570217,В рамочном законопроекте про ИИ в России учли предложения разработчиков,Новости,Новость о регулировании ИИ,БЕЗОПАСНОСТЬ,регулирование,закон как рамка,разработчик / парламент,порядок / хаос,регулирование
https://ria.ru/20260530/uchenye-2095743428.html,Российские ученые оценили влияние ИИ на фармацевтику,Новости,Новость о науке,ЗНАНИЕ,научное открытие,наука как двигатель,учёный / общество,открытие / застой,инновация
https://www.kommersant.ru/doc/8692923,Путин назвал конкурентные преимущества России в развитии ИИ,Новости,Новость о стратегии ИИ,СИЛА,национальное лидерство,государство как механизм,президент / страна,лидерство / зависимость,стратегическое развитие
https://www.rbc.ru/technology_and_media/08/11/2024/671b85db9a794780798aea5b,Зачем промышленным предприятиям России нужны нейросети,Новости,Новость о внедрении ИИ,ЭФФЕКТИВНОСТЬ,промышленная модернизация,нейросеть как инструмент,предприятие / государство,модернизация / отсталость,оптимизация
https://iz.ru/1814425/anton-belyi/mashinnyj-cvet-rynok-ii-v-rossii-kratno-vyrastet-v-2025-godu,Рынок ИИ в России кратно вырастет в 2025 году,Новости,Новость о рынке ИИ,РОСТ,рыночная экспансия,рынок как организм,бизнес / инвестор,рост / стагнация,инвестиция
https://iz.ru/2049479/iana-shturma/novyj-kod-hakery-stali-vdvoe-chashche-ispolzovat-ii-dlya-atak,Хакеры стали вдвое чаще использовать ИИ для атак,Новости,Новость о кибербезопасности,УГРОЗА,кибератака,ИИ как оружие,хакер / государство,опасность / защита,защита
https://www.gazeta.ru/politics/2024/05/14/19076389.shtml,"Новое правительство России 2024: все министры, вице-премьеры",Новости,Новость о власти,ВЛАСТЬ,государственное управление,правительство как механизм,президент / министр,стабильность / перемены,управление
https://www.gazeta.ru/social/2024/03/01/18354896.shtml,"Путин послал послание: современная, комфортная Россия",Новости,Новость о национальном курсе,БУДУЩЕЕ,национальный проект,страна как семья,президент / народ,развитие / упадок,строительство
https://ria.ru/20251208/putiny-2060617599.html,Путин поручил разработать меры по улучшению демографии,Новости,Новость о демографии,ЖИЗНЬ,демографическая политика,нация как организм,президент / правительство,рождение / вымирание,сохранение
https://ria.ru/20251015/rossiya-2048504926.html,Концепция миграционной политики коснется образования и русского языка,Новости,Новость о миграции,ИДЕНТИЧНОСТЬ,культурная интеграция,миграция как поток,государство / мигрант,интеграция / изоляция,ассимиляция
https://www.rbc.ru/society/31/01/2025/679ceb1f9a794739d6fa3ad1,Росстат назвал численность россиян к началу 2025 года,Новости,Новость о населении,ДЕМОГРАФИЯ,статистический учёт,население как ресурс,государство / общество,рост / сокращение,мониторинг
https://iz.ru/1859796/valentina-averanova/roditelnyi-padez-u-rossii-poavilas-demograficeskaa-strategia,У России появилась демографическая стратегия,Новости,Новость о стратегии,СЕМЬЯ,стратегическое планирование,стратегия как путь,государство / семья,планирование / стихийность,планирование
https://www.vedomosti.ru/society/articles/2025/05/16/1110458-vtsiom-videlil-chetire-demograficheskih-stsenariya,ВЦИОМ выделил четыре демографических сценария к 2036,Новости,Новость о прогнозе,ПРОГНОЗ,сценарное планирование,будущее как развилка,эксперт / общество,оптимизм / пессимизм,прогнозирование
https://tass.ru/opinions/27578597,Образование как главный экспорт XXI века: шансы России,Новости,Новость об образовании,ЭКСПОРТ,образовательная экспансия,образование как товар,университет / государство,лидерство / отставание,экспансия
https://tass.ru/obschestvo/26279597,Ведущие вузы РФ начнут переход на новую систему образования,Новости,Новость о реформе образования,РЕФОРМА,образовательная трансформация,реформа как переход,министерство / вуз,новое / старое,трансформация
https://www.interfax.ru/russia/1077376,Вузы перейдут на новую систему образования с сентября,Новости,Новость о реформе образования,ПЕРЕХОД,системная трансформация,образование как механизм,министерство / вуз,прогресс / сопротивление,реализация
https://www.rbc.ru/economics/06/02/2026/6985fe749a7947b0e2a18e3e,Экономика РФ в 2025 году выросла на 1%,Новости,Новость о ВВП,РОСТ,экономическая динамика,экономика как организм,государство / Росстат,рост / спад,стимулирование
https://www.vedomosti.ru/economics/articles/2025/01/10/1085363-visokaya-klyuchevaya-stavka-zamedlit-rost-ekonomiki,Высокая ключевая ставка замедлит рост экономики в 2025,Новости,Новость о ставке,ТОРМОЖЕНИЕ,монетарная политика,ставка как тормоз,ЦБ / бизнес,осторожность / риск,регулирование
https://www.rbc.ru/rbcfreenews/696a72839a7947f46b0d9367,Росстат назвал размер инфляции в 2025 году,Новости,Новость об инфляции,СТОИМОСТЬ,инфляционный процесс,инфляция как давление,ЦБ / потребитель,дороговизна / доступность,контроль
https://www.vedomosti.ru/economics/articles/2025/06/23/1119182-putin-nazval-pyat-elementov-strukturnoi-transformatsii-ekonomiki,Путин назвал пять элементов структурной трансформации экономики,Новости,Новость о трансформации,ТРАНСФОРМАЦИЯ,структурные реформы,экономика как здание,президент / правительство,обновление / стагнация,реформа
https://www.vedomosti.ru/economics/articles/2025/09/24/1141664-minek-snizil-prognoz,Минэк снизил прогноз роста экономики до 1% в 2025,Новости,Новость о прогнозе,ПАДЕНИЕ,прогнозная корректировка,прогноз как прицел,министерство / экономика,реализм / оптимизм,корректировка
https://lenta.ru/news/2025/11/26/godovaya-inflyatsiya-v-rossii-opustilas-nizhe-semi-protsentov,Годовая инфляция в России опустилась ниже 7%,Новости,Новость об инфляции,СНИЖЕНИЕ,ценовая стабилизация,инфляция как лихорадка,ЦБ / общество,снижение / рост,стабилизация
https://www.gazeta.ru/politics/2024/12/01/20165072.shtml,Путин подписал бюджет на три года,Новости,Новость о бюджете,БЮДЖЕТ,финансовое планирование,бюджет как план,государство / общество,расход / доход,планирование
https://tass.ru/ekonomika/27530931,В РФ снизилось количество преступлений с использованием новых технологий,Новости,Новость о киберпреступности,БЕЗОПАСНОСТЬ,правопорядок,преступность как угроза,правоохранители / общество,безопасность / опасность,контроль
https://tass.ru/obschestvo/27546499,В Москве число IT-преступлений против граждан снизилось,Новости,Новость о кибербезопасности,ЗАЩИТА,цифровая безопасность,киберпространство как поле боя,МВД / гражданин,защита / уязвимость,превенция
https://tass.ru/proisshestviya/27138967,"Число причастных к терроризму подростков выросло в 2,5 раза",Новости,Новость о безопасности,УГРОЗА,Идеологическая динамика молодёжи,радикализм как вирус,правоохранители / молодёжь,безопасность / деструкция,профилактика
https://tass.ru/politika/27447659,Лидеры РФ и КНР примут Декларацию о многополярном мире,Новости,Новость о международной политике,МНОГОПОЛЯРНОСТЬ,многополярный порядок,мир как полюса,лидеры / страны,многополярность / гегемония,координация
https://tass.ru/politika/27541323,Путин: Россия и Казахстан за демократизацию международных отношений,Новости,Новость о дипломатии,СУВЕРЕНИТЕТ,международное равноправие,дипломатия как диалог,лидеры / международное сообщество,равенство / доминирование,сотрудничество
https://www.rbc.ru/politics/24/10/2024/671a3dad9a7947b37650487a,На Западе опасаются идеи Путина о платежной системе БРИКС,Новости,Новость о БРИКС,СУВЕРЕНИТЕТ,финансовая независимость,платёжная система как инструмент,государство / Запад,независимость / зависимость,создание альтернативы
https://lenta.ru/articles/2025/12/24/kulturnyy-obmen,Как РОСКОНЦЕРТ превращает искусство в дипломатию,Новости,Новость о культурной дипломатии,ДИПЛОМАТИЯ,культурный обмен,культура как мост,государство / культура,открытость / изоляция,культурный обмен
https://lenta.ru/articles/2025/11/06/eto-pamyat-o-rodnoy-zemle,Как бренды из национальных республик сохраняют культуру,Новости,Новость о культуре,ПАМЯТЬ,культурное наследие,культура как корень,общество / бренд,сохранение / утрата,сохранение
https://lenta.ru/articles/2025/01/15/god-zaschitnika-otechestva-2025,Год защитника Отечества — 2025,Новости,Новость о памяти,ПОДВИГ,историческая память,память как якорь,государство / народ,честь / забвение,чествование
https://tass.ru/kultura/26888973,Русский музей стал лучшим в 2025 году по версии The Art Newspaper,Новости,Новость о культуре,ПРИЗНАНИЕ,культурное лидерство,музей как хранитель,музей / общество,признание / невостребованность,популяризация
https://tass.ru/obschestvo/23143655,Севастополь становится новой культурной столицей юга России,Новости,Новость о региональной культуре,ВОЗРОЖДЕНИЕ,культурное развитие региона,город как культурный центр,город / общество,развитие / упадок,развитие
https://tass.ru/politika/26191397,Лавров подвел итоги работы МИД в 2025 году,Новости,Новость о внешней политике,СУВЕРЕНИТЕТ,дипломатическая деятельность,дипломатия как щит,МИД / международное сообщество,суверенитет / подчинение,защита интересов
https://russian.rt.com/russia/article/1576031-bpla-drony-svo-itogi-2025,Итоги 2025 года в сфере БПЛА,Новости,Новость о военных технологиях,ОБОРОНА,технологическое превосходство,дрон как воин,военные / промышленность,превосходство / уязвимость,развитие
https://russian.rt.com/russia/article/1578811-burevestnik-poseidon-oruzhie-novinki-2025,Пять главных оружейных новинок российской армии в 2025,Новости,Новость о вооружениях,СИЛА,военная мощь,оружие как щит,армия / государство,мощь / слабость,вооружение
https://tass.ru/obschestvo/23128087,"В РФ за семь лет число IT-преступлений выросло в 7,5 раза",Новости,Новость о киберпреступности,УГРОЗА,цифровые вызовы,интернет как тёмный лес,правоохранители / преступник,безопасность / уязвимость,борьба
https://trends.rbc.ru/trends/industry/656da1929a79470b97ad54ad,Искусственный интеллект 2023–2024: борьба за данные,Аналитика,Аналитика о тренде ИИ,ДАННЫЕ,конкуренция за ресурсы,данные как нефть,корпорация / общество,доступность / монополизация,борьба за ресурсы
https://trends.rbc.ru/trends/industry/694d4ce89a79476c5f6270d6,Итоги 2025 года в ИИ: где заканчивается хайп,Аналитика,Аналитика о хайпе ИИ,РЕАЛЬНОСТЬ,развенчание иллюзий,хайп как пузырь,эксперт / рынок,реализм / иллюзия,рационализация
https://trends.rbc.ru/trends/social/68e76c4f9a794769629fff4a,Цифровое похмелье: почему мы устали от ИИ-контента,Аналитика,Аналитика о восприятии ИИ,УСТАЛОСТЬ,цифровая адаптация,ИИ как наркотик,общество / ИИ,осознанность / зависимость,ограничение
https://trends.rbc.ru/trends/industry/6853a8a49a794719f86161dc,Алгоритмы как кураторы: как ИИ формирует вкус,Аналитика,Аналитика о вкусе,ВКУС,алгоритмическая куратура,алгоритм как критик,ИИ / творец,оригинальность / стандартизация,фильтрация
https://trends.rbc.ru/trends/social/693831c89a7947536b9e1ca8,Как ИИ-боты создают информационные пузыри,Аналитика,Аналитика об инфопузырях,ИСТИНА,информационная фильтрация,инфопузырь как клетка,ИИ / пользователь,разнообразие / однородность,диверсификация
https://trends.rbc.ru/trends/industry/67d7eacc9a7947482963ece1,"6 трендов аналитики данных, которые изменят бизнес",Аналитика,Аналитика о трендах данных,ТРЕНД,рыночная трансформация,тренд как волна,аналитик / бизнес,адаптация / отставание,адаптация
https://trends.rbc.ru/trends/innovation/69b2ee809a79474d1d75ccd7,"Технотренды-2026: ИИ лидирует, а главный барьер — не деньги",Аналитика,Аналитика о барьерах ИИ,БАРЬЕР,организационное сопротивление,культура как стена,компания / технологии,открытость / консерватизм,преодоление
https://www.kommersant.ru/doc/8477068,Рост расходов компаний «на цифру» замедлился,Аналитика,Аналитика о цифровизации,ЗАМЕДЛЕНИЕ,насыщение цифрового рынка,рынок как насыщенный организм,бизнес / государство,рост / стагнация,оптимизация
https://www.kommersant.ru/doc/8335113,Большие данные пошли в рост,Аналитика,Аналитика о Big Data,ДАННЫЕ,рыночный рост,данные как валюта,рынок / государство,рост / стагнация,монетизация
https://www.kommersant.ru/doc/8270384,Рынок генеративного ИИ в России вырастет в пять раз,Аналитика,Аналитика о рынке GenAI,ЭКСПАНСИЯ,рыночная экспансия,рынок как взрыв,бизнес / инвестор,рост / упущение,инвестирование
https://www.kommersant.ru/doc/8623954,Как ИИ меняет карьерный рост и рынок труда,Аналитика,Аналитика о труде,ТРУД,автоматизация труда,ИИ как конкурент,работник / ИИ,адаптация / вытеснение,переподготовка
https://www.kommersant.ru/doc/8462729,Кибератаки в России в 2025 году,Аналитика,Аналитика о кибербезопасности,УГРОЗА,цифровая конкуренция,кибератака как вторжение,хакер / организация,защита / уязвимость,защита
https://www.kommersant.ru/doc/8271101,Рынок защиты ИИ формируется: прогнозы и угрозы,Аналитика,Аналитика о безопасности ИИ,БЕЗОПАСНОСТЬ,формирование рынка защиты,ИИ как замок с дырами,индустрия / ИИ,защита / уязвимость,защита
https://www.kommersant.ru/doc/8625082,"Экономика Рунета-2025: 38,4 трлн руб.",Аналитика,Аналитика о цифровой экономике,МАСШТАБ,цифровая экономика,Рунет как экосистема,индустрия / государство,рост / стагнация,развитие
https://www.vedomosti.ru/analytics/krupnyy_plan/articles/2025/11/25/1157711-kak-iskusstvennii-intellekt-pronikaet-v-ekonomiku,Как ИИ проникает в экономику,Аналитика,Аналитика о проникновении ИИ,ПРОНИКНОВЕНИЕ,экономическая интеграция ИИ,ИИ как вода,бизнес / экономика,интеграция / сопротивление,интеграция
https://www.vedomosti.ru/economics/articles/2026/01/23/1171183-ekonomisti-i-biznes-otsenili-posledstviya-vnedreniya-ii-dlya-rinka-truda,Последствия внедрения ИИ для рынка труда,Аналитика,Аналитика о рынке труда,ТРУД,рыночная трансформация,ИИ как замена,экономист / работник,созидание / разрушение,адаптация
https://www.vedomosti.ru/economics/articles/2025/01/31/1089571-it-sektor-22-vvp,"ИТ-сектор занял 2,2% российского ВВП",Аналитика,Аналитика о ИТ-секторе,ВКЛАД,экономическая значимость ИТ,ИТ как фундамент,государство / ИТ-сектор,развитие / отставание,развитие
https://www.vedomosti.ru/press_releases/2025/12/08/vnedrenie-ii-mozhet-prinesti-rossiiskoi-ekonomike-do-13-trln-rub-k-2030-g,Внедрение ИИ может принести экономике до 13 трлн руб.,Аналитика,Аналитика о потенциале ИИ,ПОТЕНЦИАЛ,экономический прогноз,ИИ как золотая жила,бизнес / государство,возможность / упущение,внедрение
https://russiancouncil.ru/analytics-and-comments/columns/sandbox/bitva-za-tiktok,Битва за TikTok: США и Китай на поле цифровой безопасности,Аналитика,Аналитика о цифровом суверенитете,СУВЕРЕНИТЕТ,цифровая конкуренция,TikTok как поле боя,США / Китай,суверенитет / зависимость,защита
https://russiancouncil.ru/analytics-and-comments/analytics/pravila-ili-praktika-novye-razvilki-globalnogo-regulirovaniya-ii,Правила или практика: новые развилки глобального регулирования ИИ,Аналитика,Аналитика о регулировании ИИ,ПРАВИЛО,институциональное развитие,регулирование как дорога,государство / ИИ,порядок / хаос,регулирование
https://globalaffairs.ru/articles/ii-vojna-romashkina-stefanovich,Искусственный интеллект и естественная война,Аналитика,Аналитика о войне и ИИ,ВОЙНА,автономные системы,ИИ как солдат,военный / ИИ,контроль / автономия,ограничение
https://globalaffairs.ru/articles/parus-sytnik-bazluczkaya,Парус при шторме: цифровой потенциал в мире ИИ,Аналитика,Аналитика о цифровом потенциале,ПОТЕНЦИАЛ,цифровое развитие,цифра как парус,государство / экономика,развитие / отставание,развитие
https://expert.ru/analitika/texnologiceskaia-politika/chto-ekonomike-dast-zapusk-komissii-po-razvitiyu-iskusstvennogo-intellekta,Что экономике даст запуск комиссии по ИИ,Аналитика,Аналитика о комиссии ИИ,ИНСТИТУТ,институциональное развитие,комиссия как штурвал,государство / ИИ-индустрия,координация / хаос,координация
https://expert.ru/mnenie/kak-informatsiya-stanovitsya-klyuchevym-resursom-razvitiya-rossii,Как информация становится ключевым ресурсом развития,Аналитика,Аналитика о данных,РЕСУРС,информационная экономика,данные как нефть,государство / экономика,ресурс / отход,мобилизация
https://expert.ru/obshchestvo/im-tsifry-vidno-vse-ty-tak-i-znay,Им цифры видно все — ты так и знай,Аналитика,Аналитика о цифровом развитии,ПРОЗРАЧНОСТЬ,цифровой контроль,цифра как окно,государство / гражданин,прозрачность / тайна,мониторинг
https://expert.ru/expertise/arkhiv/obrazovanie/shkola/ot-traditsiy-k-innovatsiyam,Как цифровые технологии трансформируют учебный процесс,Аналитика,Аналитика о цифровом образовании,ТРАНСФОРМАЦИЯ,цифровизация школы,школа как платформа,школа / технологии,инновация / традиция,цифровизация
https://www.vedomosti.ru/press_releases/2026/01/21/v-mire-sformirovalsya-trend-na-smyagchenie-i-peresmotr-regulirovaniya-v-sfere-generativnogo-ii,В мире сформировался тренд на смягчение регулирования ИИ,Аналитика,Аналитика о смягчении регулирования,СМЯГЧЕНИЕ,регуляторная переориентация,регулирование как поводок,государство / индустрия,свобода / ограничение,либерализация
https://www.rbc.ru/politics/08/07/2025/686b9ca39a79477adf9a5150,Примаков — РБК: Снаряды и учебники взаимозависимы,Интервью,Интервью с дипломатом,СУВЕРЕНИТЕТ,международная политика,дипломатия как шахматы,дипломат / страна,сотрудничество / конфронтация,переговоры
https://www.rbc.ru/spb_sz/08/03/2025/67c5a31a9a79476e0ddd910a,Зубаревич — об экономике регионов в 2025 году,Интервью,Интервью с экономистом,РЕГИОН,экономическая дифференциация,регион как организм,эксперт / регион,развитие / упадок,диагностика
https://www.rbc.ru/politics/30/01/2025/679936eb9a7947bacd566159,Мединский объяснил запрет пацифистских лозунгов,Интервью,Интервью с чиновником,ЦЕНЗУРА,идеологическое регулирование,культура как фронт,чиновник / общество,порядок / свобода,регулирование
https://www.forbes.ru/rubriki-kanaly/video/559888-sergej-kolesnikov-forbes,"Колесников — Forbes: Курьером стать проще, чем конструктором",Интервью,Интервью с предпринимателем,ТРУД,кадровый кризис,образование как лифт,предприниматель / образование,квалификация / деградация,подготовка кадров
https://www.forbes.ru/rubriki-kanaly/video/551407-oleg-v-ugin-forbes,Вьюгин — Forbes: Экономика входит в 2026 год с нулевым ростом,Интервью,Интервью с экономистом,СТАГНАЦИЯ,экономическая оценка,экономика как больной,экономист / страна,рост / спад,диагностика
https://www.forbes.ru/spetsproekt/promo/557474-pavel-voronin-mts-web-services,"Воронин, МТС: три новых волны развития ИИ",Интервью,Интервью с ИИ-экспертом,ВОЛНА,технологическая эволюция,ИИ как волна,эксперт / индустрия,инновация / застой,развитие
https://snob.ru/art/barokko-s-protsessorom-oleg-dou-o-novom-iskusstve,Барокко с процессором: Олег Доу о новом искусстве,Интервью,Интервью с художником,ИСКУССТВО,творческая трансформация,нейросеть как кисть,художник / ИИ,творчество / автоматизация,созидание
https://tass.ru/interviews/22700693,"Кононенко: после возвращения наслаждался тем, что можно пить воду",Интервью,Интервью с космонавтом,ПОДВИГ,космическая миссия,космос как испытание,космонавт / общество,мужество / обыденность,возвращение
https://tass.ru/interviews/27559385,"Мы ищем жизнь во Вселенной, чтобы понять, откуда она на Земле",Интервью,Интервью с астрофизиком,ПОИСК,научное познание,Вселенная как загадка,учёный / общество,знание / неведение,исследование
https://ria.ru/20241022/yakovenko-1979157573.html,Яковенко: приходит время противостояния,Интервью,Интервью с дипломатом,ПРОТИВОСТОЯНИЕ,геополитический конфликт,мир как арена,дипломат / государство,суверенитет / подчинение,защита
https://ria.ru/20241227/morgulov-1991638537.html,Моргулов: шаги недругов не остановят сотрудничество РФ и Китая,Интервью,Интервью с послом,СОТРУДНИЧЕСТВО,международное партнёрство,партнёрство как мост,посол / страна,союз / изоляция,укрепление
https://ria.ru/20250115/biznes-1993767956.html,Биричевский: Россия продолжает работать с западным бизнесом,Интервью,Интервью с руководителем,СВЯЗЬ,экономическое сотрудничество,бизнес как мост,руководитель / бизнес,открытость / закрытость,сохранение связей
https://tass.ru/interviews/27065281,Караник: ни одного года без запуска в космос,Интервью,Интервью о космосе,КОСМОС,космическая программа,космос как горизонт,учёный / государство,познание / ограничение,исследование
https://www.kommersant.ru/doc/8571874,"Выбор, который устроил всех: интервью с банкиром",Интервью,Интервью с банкиром,ВЫБОР,финансовая стратегия,банк как крепость,банкир / рынок,стабильность / риск,стратегия
https://www.kommersant.ru/doc/8532230,Главный KPI — экономика внимания: интервью с медиаменеджером,Интервью,Интервью о медиа,ВНИМАНИЕ,экономика внимания,внимание как валюта,медиаменеджер / аудитория,контроль / свобода,управление
https://snob.ru/money/ekaterina-seredinskaia-ob-evoliutsii-bankovskogo-obsluzhivaniia,Серединская: об эволюции банковского обслуживания,Интервью,Интервью с банкиром,СЛУЖБА,сервисная трансформация,банк как сервис,банкир / клиент,сервис / равнодушие,сервис
https://www.kommersant.ru/doc/8340950,Новая система высшего образования: увеличены баллы ЕГЭ,Интервью,Интервью об образовании,КАЧЕСТВО,образовательная реформа,ЕГЭ как фильтр,министерство / абитуриент,качество / формализм,реформа
https://www.vedomosti.ru/opinion/columns/2026/03/26/1185551-vesch-nedeli-borba-s-ekstremizmom,Борьба с экстремизмом: новые поправки,Колонки / публицистика,Колонка о законодательстве,БЕЗОПАСНОСТЬ,правовое регулирование,закон как щит,государство / гражданин,безопасность / свобода,регулирование
https://www.vedomosti.ru/ideas/education/columns/2026/04/06/1188222-gotovih-kadrov,Почему технологические лидеры не ждут готовых кадров,Колонки / публицистика,Колонка о кадрах,КАДР,кадровый кризис,кадр как ресурс,лидер / образование,подготовка / дефицит,переподготовка
https://www.vedomosti.ru/opinion/columns/2025/12/15/1163160-kuda-huzhe,Куда хуже: о кризисах 2025,Колонки / публицистика,Колонка о кризисе,КРИЗИС,экономический спад,кризис как буря,эксперт / общество,осознание / отрицание,адаптация
https://snob.ru/profile/413059/blog/3099724,Миллениалы не плачут: им за это стыдно,Колонки / публицистика,Эссе о поколениях,ПОКОЛЕНИЕ,поколенческая травма,миллениал как пациент,поколение / общество,чувствительность / стоицизм,рефлексия
https://snob.ru/obrazovanie/faktologiia-protiv-poznaniia,Фактология против познания: образование в эпоху нейросетей,Колонки / публицистика,Колонка об образовании,ЗНАНИЕ,образовательный кризис,знание как вода,образование / ИИ,познание / заучивание,реформа
https://snob.ru/literature/chto-my-chitali-v-2025-godu-reiting-knizhnykh-izdatelstv,Что мы читали в 2025 году: рейтинг издательств,Колонки / публицистика,Колонка о чтении,ЧТЕНИЕ,книжный рынок,книга как компас,читатель / рынок,качество / конвейер,выбор
https://www.kommersant.ru/doc/8588198,Конец прошедшего времени: о смене политической эпохи,Колонки / публицистика,Колонка о политике,ЭПОХА,Политические изменения,эпоха как дверь,политик / общество,перемены / застой,наблюдение
https://www.kommersant.ru/doc/8364012,Вся кООНпромиссная рать,Колонки / публицистика,Колонка о геополитике,КОМПРОМИСС,международная дипломатия,ООН как театр,дипломат / ООН,компромисс / конфронтация,переговоры
https://nvo.ng.ru/editorial/2025-12-26/01_9409_red.html,Что изменилось в инвестприоритетах,Колонки / публицистика,Колонка об инвестициях,ИНВЕСТИЦИЯ,экономическая переориентация,инвестиция как посев,инвестор / экономика,развитие / стагнация,перераспределение
https://nvo.ng.ru/ideas/2026-01-11/6_9412_100.html,100 ведущих политиков России в 2025 году,Колонки / публицистика,Рейтинг-эссе,ВЛИЯНИЕ,политический рейтинг,политика как иерархия,политик / общество,власть / безвластие,оценка
https://www.vedomosti.ru/esg/ecology/articles/2024/02/28/1022619-ekologiya-ischet-novie-vizovi,Экология ищет новые вызовы,Колонки / публицистика,Колонка об экологии,ЭКОЛОГИЯ,устойчивое развитие,экология как баланс,общество / природа,сохранение / разрушение,баланс
https://www.kommersant.ru/doc/7429862,Как изменились партийные симпатии избирателей,Колонки / публицистика,Колонка о социологии,ВЫБОР,электоральная динамика,избиратель как маятник,избиратель / партия,перемены / стабильность,наблюдение
https://www.culture.ru/materials/258644/ot-dyurera-do-deineki-samye-interesnye-vystavki-2025-goda,От Дюрера до Дейнеки: выставки 2025 года,Культурная журналистика,Рецензия на выставку,ИСКУССТВО,художественная выставка,выставка как диалог эпох,куратор / зритель,наследие / новаторство,популяризация
https://www.culture.ru/materials/257560/glavnye-vystavki-2023-goda,Главные выставки 2023 года,Культурная журналистика,Обзор выставок,КУЛЬТУРНОЕ НАСЛЕДИЕ,музейная жизнь,музей как хранитель,музей / общество,сохранение / забвение,сохранение
https://www.culture.ru/materials/258531/chto-smotret-v-teatralnom-sezone-2024-25-premery-moskvy-i-peterburga,Театральный сезон 2024/25: премьеры,Культурная журналистика,Обзор театра,ТЕАТР,театральная премьера,театр как зеркало,режиссёр / зритель,новаторство / традиция,просвещение
https://www.culture.ru/materials/258946/spektakli-proekta-svoi-nepridumannye-istorii,Спектакли проекта «СВОи. Непридуманные истории»,Культурная журналистика,Рецензия на спектакль,СВИДЕТЕЛЬСТВО,документальный театр,сцена как свидетель,актёр / зритель,правда / вымысел,свидетельствование
https://www.ng.ru/culture/2024-02-20/7_8953_gallery.html,В Третьяковской галерее вспоминают Александра Константинова,Культурная журналистика,Рецензия на выставку,ПАМЯТЬ,художественное наследие,искусство как послание,художник / зритель,признание / забвение,сохранение
https://www.ng.ru/culture/2024-10-27/7_9123_museum.html,«Новое общество художников»,Культурная журналистика,Рецензия на выставку,СООБЩЕСТВО,коллективное творчество,искусство как диалог,художник / общество,коллектив / индивидуальность,популяризация
https://www.ng.ru/culture/2024-03-31/6_8983_art.html,Современное искусство расцветает средними чеками,Культурная журналистика,Репортаж с ярмарки,РЫНОК,рыночная динамика искусства,искусство как товар,рынок / художник,коммерция / творчество,продажа
https://www.kommersant.ru/doc/6493375,Берлинале–2024: 10 главных фильмов,Культурная журналистика,Обзор кинофестиваля,КИНО,фестивальный показ,кино как окно,режиссёр / зритель,мировое / локальное,просвещение
https://www.kommersant.ru/doc/6712775,Каннский кинофестиваль: обзор фильмов,Культурная журналистика,Обзор кинофестиваля,ПРЕЗЕНТАЦИЯ,международный кинопоказ,Канны как арена,кинематограф / общество,признание / отвержение,репрезентация
https://www.kommersant.ru/doc/6727817,Почему россияне стали меньше ходить в театры,Культурная журналистика,Аналитика о культуре,КРИЗИС,динамика культурного потребления,театр как пациент,театр / зритель,участие / равнодушие,привлечение
https://style.rbc.ru/impressions/66bc84839a794720dc3db980,Локарно-2024: реальность кусается,Культурная журналистика,Обзор кинофестиваля,РЕАЛЬНОСТЬ,кинематографическая правда,кино как зубы,режиссёр / зритель,правда / иллюзия,наблюдение
https://style.rbc.ru/impressions/664f47709a79472ac8074d33,Канны-2024: в чем загадка Трампа,Культурная журналистика,Репортаж с фестиваля,ЗАГАДКА,культурный феномен,Канны как зеркало,кино / общество,искусство / политика,наблюдение
https://style.rbc.ru/impressions/6708fbd19a7947a40b5b3a6f,Маяк: фестиваль актуального российского кино,Культурная журналистика,Обзор фестиваля,СОВРЕМЕННОСТЬ,новое российское кино,фестиваль как маяк,режиссёр / зритель,новое / старое,популяризация
https://style.rbc.ru/impressions/66fe680e9a79471ce45858a2,Новый роман Пелевина: круть или не круть?,Культурная журналистика,Рецензия на книгу,ЛИТЕРАТУРА,литературная оценка,книга как диагноз,писатель / читатель,гениальность / конвейер,оценка
https://www.forbes.ru/forbeslife/527979-opasnye-sputniki,Как музеи показывали современное искусство в 2024,Культурная журналистика,Итоги года,ИТОГ,музейный год,музей как спутник,куратор / зритель,современность / традиция,подведение итогов
https://www.forbes.ru/forbeslife/503189-ot-van-goga-do-joko-ono,Самые ожидаемые мировые выставки 2024,Культурная журналистика,Обзор выставок,ОЖИДАНИЕ,культурный календарь,выставка как событие,куратор / публика,мировое / локальное,анонс
https://www.forbes.ru/forbeslife/513921-pocemu-na-biennale-v-veneciu-rossiu-predstavlaet-uzbekistan,Почему на биеннале в Венеции Россию представляет Узбекистан,Культурная журналистика,Репортаж с биеннале,ПАРАДОКС,культурная репрезентация,биеннале как витрина,страна / искусство,присутствие / отсутствие,репрезентация
https://regnum.ru/article/4027101,Русский код: как культура стала приоритетом,Культурная журналистика,Аналитика о культуре,ПРИОРИТЕТ,государственная культурная политика,культура как фундамент,государство / культура,поддержка / равнодушие,поддержка
https://rg.ru/2024/09/12/preliudii-narodnoj-liubvi.html,Почему классика должна сопровождать детвору,Культурная журналистика,Эссе о каноне,КАНОН,классическое образование,классика как фундамент,школа / ребёнок,просвещение / невежество,просвещение
https://rg.ru/2024/10/31/emir-kusturica-russkaia-kultura-moj-argument-v-spore-s-evropoj.html,Кустурица: Русская культура — мой аргумент в споре с Европой,Культурная журналистика,Интервью о культуре,АРГУМЕНТ,культурная дипломатия,культура как аргумент,Кустурица / Европа,диалог / конфронтация,диалог
https://rg.ru/2025/03/21/v-brazilii-obsudiat-slovo-tolstogo-v-sovremennom-mire.html,В Бразилии обсудят слово Толстого в современном мире,Культурная журналистика,Новость о литературе,СЛОВО,международная рецепция классики,Толстой как посол,форум / общество,мировое / локальное,популяризация
https://www.ng.ru/culture/2024-11-17/6_9136_history.html,Современность из архива,Культурная журналистика,Рецензия на проект,АРХИВ,современное искусство и память,архив как источник,художник / история,новое / вечное,исследование
https://www.ng.ru/ng_exlibris/2024-06-19/9_1227_5books.html,Пять книг недели: «Русская классика в зеркале андеграунда»,Культурная журналистика,Обзор книг,КНИГА,литературная критика,книга как зеркало,критик / читатель,канон / андеграунд,оценка
https://www.ng.ru/culture/2024-01-29/8_8934_exhibition.html,Формула допетровской Руси,Культурная журналистика,Рецензия на выставку,РУСЬ,историческая рецепция,Русь как формула,художник / зритель,прошлое / настоящее,осмысление
https://www.kommersant.ru/doc/6917302,Докер 2024: главные фильмы,Культурная журналистика,Обзор фестиваля,ДОКУМЕНТ,документальное кино,документ как свидетель,режиссёр / общество,правда / вымысел,свидетельствование
https://www.kommersant.ru/doc/7310242,Рецензия на фильм «Кандинский и его муза»,Культурная журналистика,Рецензия на фильм,ВДОХНОВЕНИЕ,творческая биография,муза как источник,художник / муза,творчество / рутина,осмысление
https://style.rbc.ru/impressions/674963ca9a7947680c95c203,"Театральный обман, пейзажи, натюрморты и китч",Культурная журналистика,Обзор культуры,РАЗНООБРАЗИЕ,культурная панорама,культура как мозаика,критик / зритель,разнообразие / однообразие,обзор
https://www.forbes.ru/forbeslife/503555-bulatov-mone-i-peredvizniki,"Булатов, Моне и передвижники: выставки в музеях РФ 2024",Культурная журналистика,Анонс выставок,АНОНС,музейный сезон,музей как храм,куратор / зритель,классика / современность,подготовка
https://regnum.ru/article/3858059,Главный интерес к русской литературе в мире ещё впереди,Культурная журналистика,Интервью о литературе,БУДУЩЕЕ,литературная перспектива,литература как посев,редактор / общество,расцвет / упадок,прогноз
https://regnum.ru/article/3866181,Герои в комиксах и татуировки: как художники рассказывают о войне,Культурная журналистика,Репортаж об искусстве,ВОЙНА,художественная репрезентация войны,война как холст,художник / общество,осмысление / глорификация,осмысление
https://nplus1.ru/news/2024/10/08/phys-nobel-2024,Нобелевскую премию по физике присудили за машинное обучение,Научно-популярные тексты,Научно-популярная статья об ИИ,ПРОРЫВ,научное признание ИИ,Нобелевка как знак,учёный / общество,признание / скепсис,популяризация
https://nplus1.ru/material/2024/10/09/physics-of-neural-networks-2024,Магнетизм нейросетей: физика нейросетей,Научно-популярные тексты,Научно-популярная статья о нейросетях,ФИЗИКА,физическое обоснование ИИ,нейросеть как магнит,физик / ИИ,закономерность / хаос,объяснение
https://nplus1.ru/material/2024/10/24/ai-masters,Магистры AI: как достичь баланса,Научно-популярные тексты,Научно-популярная статья об образовании ИИ,БАЛАНС,подготовка ИИ-кадров,образование как весы,университет / студент,глубина / широта,подготовка
https://nplus1.ru/blog/2025/04/11/deep-research,"Глубина, я не твой: на что способен Deep Research",Научно-популярные тексты,Научно-популярная статья об ИИ-инструменте,ГЛУБИНА,инструментальное исследование,Deep Research как лупа,ИИ / исследователь,глубина / поверхностность,исследование
https://nplus1.ru/blog/2026/05/22/ai-anthropomorphization,Почему мы очеловечиваем ИИ,Научно-популярные тексты,Научно-популярная статья о психологии,АНТРОПОМОРФИЗМ,психологическая проекция,ИИ как зеркало,человек / ИИ,эмпатия / иллюзия,осознание
https://habr.com/ru/companies/onlinepatent/articles/870626,Самые примечательные научные открытия 2024 года,Научно-популярные тексты,Научно-популярный обзор,ОТКРЫТИЕ,научный прогресс,наука как фронт,учёный / общество,прогресс / стагнация,популяризация
https://habr.com/ru/articles/902602,Искусственный интеллект в 2025 году: что происходит на самом деле,Научно-популярные тексты,Научно-популярная аналитика,РЕАЛЬНОСТЬ,тренды ИИ,ИИ как волна,аналитик / общество,прогресс / хайп,анализ
https://postnauka.ru/tv/22767,"Нейрокоммуникаторы, нейроконтроллеры, нейропротезы",Научно-популярные тексты,Научно-популярная лекция,НЕЙРОИНТЕРФЕЙС,нейротехнология,мозг как компьютер,учёный / технология,расширение / ограничение,развитие
https://postnauka.ru/talks/154889,Дубынин: «Если нет тигра за углом…»,Научно-популярные тексты,Научно-популярная беседа,СТРЕСС,нейробиология стресса,тигр как метафора угрозы,нейрофизиолог / общество,адаптация / дезадаптация,осознание
https://elementy.ru/video/927/Evgeniy_Plisov_glavnye_novosti_nauki_v_2024_godu,Главные новости науки в 2024 году,Научно-популярные тексты,Научно-популярный обзор,ИТОГ,научный год,наука как путешествие,учёный / общество,прогресс / тупик,обзор
https://elementy.ru/video/919/Itogi_2024_goda_v_fizike,Итоги 2024 года в физике,Научно-популярные тексты,Научно-популярный обзор,ФИЗИКА,физические открытия,физика как фундамент,физик / общество,познание / неведение,обзор
https://biomolecula.ru/articles/khit-parad-biomolekuly-2024,Хит-парад «Биомолекулы» 2024,Научно-популярные тексты,Научно-популярный обзор,БИОЛОГИЯ,молекулярная биология,молекула как механизм,биолог / общество,познание / неведение,популяризация
https://biomolecula.ru/articles/mikrornk-s-ogromnym-vliianiem,МикроРНК с огромным влиянием: Нобелевская премия по медицине 2024,Научно-популярные тексты,Научно-популярная статья о нобелевке,ПРЕМИЯ,научное признание,Нобелевка как вершина,учёный / общество,признание / неизвестность,популяризация
https://ria.ru/20260119/nauka-2068347427.html,Профессор СПбПУ дал прогноз о развитии «цифровой Арктики»,Научно-популярные тексты,Научно-популярная статья о технологиях,АРКТИКА,цифровизация региона,Арктика как фронт,учёный / регион,освоение / отставание,развитие
https://ria.ru/20250625/uchenye-2025243144.html,Российские учёные отправили в стратосферу крыс с нейроинтерфейсами,Научно-популярные тексты,Научно-популярная статья об эксперименте,ЭКСПЕРИМЕНТ,нейробиологический прорыв,мозг как компьютер,учёный / технология,прорыв / фантастика,исследование
https://tass.ru/nauka/19632657,Искусственный интеллект и лунные миссии: как наука будет развиваться,Научно-популярные тексты,Научно-популярный обзор,КОСМОС,научные тренды,космос как горизонт,учёный / общество,познание / ограничение,исследование
https://tass.ru/v-strane/20083087,Город инноваций: робот-хирург в Петербурге,Научно-популярные тексты,Научно-популярная статья о медицине,МЕДИЦИНА,технологическая революция,робот как хирург,врач / технология,спасение / риск,инновация
https://www.kommersant.ru/doc/6746758,Технологиям потребовались смыслы,Научно-популярные тексты,Научно-популярная статья о смыслах,СМЫСЛ,технологическая этика,смысл как якорь,эксперт / общество,осмысленность / бессмысленность,осмысление
https://mel.fm/novosti/4863591-rossyskiye-vuzy-pereydut-na-novuyu-sistemu-obrazovaniya,Вузы перейдут на новую систему образования с 2026 года,Научно-популярные тексты,Научно-популярная статья об образовании,РЕФОРМА,образовательная трансформация,образование как стройка,министерство / вуз,новое / старое,реализация
https://biomolecula.ru/articles/scinat-za-mart-2024-1,SciNat: эпигенетическое редактирование генома,Научно-популярные тексты,Научно-популярный дайджест,ГЕНОМ,генная инженерия,геном как текст,учёный / общество,редактирование / запрет,исследование
https://gorvesti.ru/text/zhizn-stala-komfortnee-kakie-novye-obekty-poyavilis-v-volgograde-v-2025-godu-214614.html,Новые объекты в Волгограде в 2025 году,Региональные медиа,Региональная новость,КОМФОРТ,городское развитие,город как организм,власть / горожанин,развитие / застой,благоустройство
https://gorvesti.ru/society/21-milliona-chelovek-posetili-volgogradskuyu-oblast-v-2025-godu-215499.html,Турпоток вырос на 10% в Волгоградской области,Региональные медиа,Региональная новость о туризме,ТУРИЗМ,региональная привлекательность,регион как магнит,регион / турист,открытость / закрытость,привлечение
https://gorvesti.ru/society/volgograd-pereimenuyut-v-stalingrad-2-fevralya-217217.html,Волгоград переименуют в Сталинград 2 февраля,Региональные медиа,Региональная новость о памяти,ПАМЯТЬ,историческая символика,город как память,власть / общество,память / забвение,чествование
https://c-pravda.ru/news/2025-12-23/turpotok-v-krym-v-2025-godu-pokazal-rekordnyjj-rost-pochti-na-70,Турпоток в Крым вырос на 70% в 2025 году,Региональные медиа,Региональная новость о туризме,РОСТ,региональное развитие,Крым как курорт,регион / турист,процветание / упадок,развитие
https://c-pravda.ru/news/2026-02-17/bolee-70-novykh-ambulatorijj-i-fapov-postroili-v-krymu-v-2025-godu,70 новых амбулаторий и ФАПов в Крыму,Региональные медиа,Региональная новость о медицине,ЗДОРОВЬЕ,медицинская инфраструктура,больница как фундамент,власть / пациент,развитие / отставание,строительство
https://www.svoboda.org/a/territoriya-sama-po-sebe-nikomu-ne-nuzhna/33649804.html,Что не так с кремлевской идеей сибиризации,Региональные медиа,Региональная аналитика,СИБИРЬ,депопуляция регионов,Сибирь как ресурс,государство / регион,развитие / вымирание,сохранение
https://www.svoboda.org/a/ochen-nuzhno-myaso/33459897.html,"Российских зэков избивают, вынуждая заключать контракты",Региональные медиа,Региональное расследование,НАСИЛИЕ,принуждение к службе,тюрьма как рекрутинговый центр,государство / заключённый,принуждение / свобода,расследование
https://www.kavkazr.com/a/33756590.html,Жительниц юга России лишают свободы,Региональные медиа,Региональное расследование,ПРАВО,гендерное неравенство,Кавказ как клетка,традиция / женщина,свобода / подчинение,защита
https://www.kavkazr.com/a/kazna-pusteet-fond-kadyrova/33345150.html,Фонд Кадырова отчитался о долгах и сокращении активов,Региональные медиа,Региональная аналитика,БЮДЖЕТ,финансовый кризис региона,фонд как кошелёк,фонд / регион,процветание / кризис,мониторинг
https://www.kavkazr.com/a/chuda-ne-budet/33540635.html,Чуда не будет: ситуация на Северном Кавказе в докладе для ООН,Региональные медиа,Региональная аналитика,ДОКЛАД,правозащитная оценка,Кавказ как проблема,ООН / регион,реализм / иллюзия,оценка
https://www.severreal.org/a/nastoyaschiy-komi-muzhik-gordost-naroda/33546202.html,За что арестован философ Зюзев из Коми,Региональные медиа,Региональная новость,СВОБОДА,преследование инакомыслящих,философ как совесть,государство / интеллигенция,свобода / репрессия,солидарность
https://www.severreal.org/a/glava-komi-uyba-ushel-v-otstavku/33176020.html,Глава Коми Уйба ушел в отставку,Региональные медиа,Региональная новость о политике,ОТСТАВКА,политическая ротация,губернатор как руль,губернатор / регион,перемены / застой,замена
https://t-l.ru/401601.html,Бюджет Тюмени 2025 исполнен без дефицита,Региональные медиа,Региональная новость о бюджете,БАЛАНС,финансовая устойчивость,бюджет как весы,город / экономика,профицит / дефицит,управление
https://t-l.ru/389862.html,В Тюмени стартовал цифровой форум «Инфотех»,Региональные медиа,Региональная новость о технологиях,ТЕХНОЛОГИЯ,цифровое развитие региона,форум как витрина,город / технологии,инновация / отставание,развитие
https://ysia.ru/v-2025-godu-indeks-promyshlennogo-proizvodstva-v-yakutii-sostavil-100,Индекс промышленного производства в Якутии — 100%,Региональные медиа,Региональная новость о промышленности,СТАБИЛЬНОСТЬ,промышленное развитие,промышленность как фундамент,регион / экономика,рост / стагнация,мониторинг
https://ysia.ru/41-sotsialnyj-obekt-planiruyut-vvesti-v-yakutii-v-2025-godu,41 социальный объект в Якутии в 2025 году,Региональные медиа,Региональная новость о строительстве,СТРОИТЕЛЬСТВО,социальная инфраструктура,объект как фундамент,власть / общество,развитие / нужда,строительство
https://www.bashinform.ru/news/culture/2025-01-09/top-10-kulturnyh-sobytiy-v-bashkirii-za-2024-god-4070995,Топ-10 культурных событий в Башкирии за 2024,Региональные медиа,Региональная новость о культуре,КУЛЬТУРА,региональная культурная жизнь,культура как лицо,регион / общество,многообразие / однообразие,популяризация
https://yakutia.info/article/214721,Экономические итоги 2025 года в Якутии,Региональные медиа,Региональная аналитика,ИТОГ,экономическая оценка региона,экономика как пациент,регион / экономика,рост / спад,диагностика
https://www.ekburg.ru/news/2/97278-zhiteli-ekaterinburga-otsenili-rabotu-gorodskikh-vlastey,Жители Екатеринбурга оценили работу властей,Региональные медиа,Региональная новость об оценке,ОЦЕНКА,городское управление,город как механизм,власть / горожанин,удовлетворённость / недовольство,мониторинг
https://c-pravda.ru/news/2025-02-12/finansovaya-gramotnost-dlya-vsekh,Финансовая грамотность для всех в Крыму,Региональные медиа,Региональная новость об образовании,ГРАМОТНОСТЬ,финансовое просвещение,грамотность как щит,школа / общество,знание / невежество,просвещение
https://lgz.ru/article/anton-chekhov-i-konets-russkogo-klassicheskogo-realizma,Чехов и конец русского классического реализма,Литературный канон,Литературная критика,РЕАЛИЗМ,эпохальная трансформация,реализм как эпоха,Чехов / литература,завершение / начало,осмысление
https://lgz.ru/article/sto-let-na-klassiku,Сто лет на классику,Литературный канон,Беседа о литературе,КАНОН,литературная преемственность,классика как фундамент,писатель / читатель,преемственность / разрыв,сохранение
https://lgz.ru/article/drugie-zoshchenko,Другие Зощенко: к 130-летию,Литературный канон,Литературная статья,НАСЛЕДИЕ,литературный юбилей,Зощенко как зеркало эпохи,писатель / общество,осмысление / забвение,чествование
https://lgz.ru/article/toska-po-osmyslennoy-zhizni,Тоска по осмысленной жизни: о «вредном» Достоевском,Литературный канон,Беседа о классике,СМЫСЛ,экзистенциальная проблематика,Достоевский как совесть,писатель / читатель,смысл / бессмыслица,осмысление
https://lgz.ru/article/bulgakov-v-prioritete,Булгаков в приоритете: рейтинг продаж классиков,Литературный канон,Литературная статистика,ПОПУЛЯРНОСТЬ,читательский выбор,рейтинг как голос,читатель / классик,востребованность / забвение,анализ
https://voplit.ru/article/tolstoj-i-dostoevskij,Толстой и Достоевский: монография,Литературный канон,Литературная критика,ДУАЛИЗМ,классическая оппозиция,Толстой и Достоевский как полюса,критик / классика,два пути / один,осмысление
https://voplit.ru/article/vera-i-neverie-dostoevskij-tolstoj-chehov-i-drugie,"Вера и неверие: Достоевский, Толстой, Чехов",Литературный канон,Литературоведческая статья,ВЕРА,религиозно-философские мотивы,вера как якорь,писатель / общество,вера / безверие,исследование
https://voplit.ru/article/turgenev-tolstoj-dostoevskij-podteksty-pushkinskogo-prazdnika-1880-goda,Подтексты Пушкинского праздника 1880 года,Литературный канон,Литературоведческая статья,ПРАЗДНИК,литературно-политический контекст,памятник как символ,литература / общество,объединение / раскол,исследование
https://voplit.ru/article/vozvrashhenie-k-shalamovu,Возвращение к Шаламову,Литературный канон,Литературная статья,ВОЗВРАЩЕНИЕ,литературная реабилитация,Шаламов как свидетель,писатель / история,правда / забвение,восстановление
https://nm1925.ru/articles/2025/1-2025/rechevoy-lider,"Речевой лидер: Толстой, Пушкин, Достоевский, Гоголь",Литературный канон,Литературное эссе,ЛИДЕРСТВО,речевое влияние классиков,классик как лидер,классик / язык,влияние / затухание,осмысление
https://nm1925.ru/articles/2024/1-2024/periodika-1-2024,Периодика: обсуждение русской классики,Литературный канон,Литературный обзор,ОБСУЖДЕНИЕ,литературная рефлексия,журнал как площадка,критик / классика,осмысление / равнодушие,обсуждение
https://znamlit.ru/publication.php?id=9257,Преодолевая страх: переосмысление классики,Литературный канон,Литературная критика,СТРАХ,неклассическая рецепция,страх как барьер,критик / классика,преодоление / подчинение,переосмысление
https://znamlit.ru/publication.php?id=8901,Молодые критики о литературе,Литературный канон,Литературная дискуссия,НОВОЕ,поколенческий взгляд,молодость как вызов,критик / литература,новизна / традиция,дискуссия
https://znamlit.ru/publication.php?id=8900,Первые толстяки: к 100-летию журналов,Литературный канон,Литературная история,ТРАДИЦИЯ,история толстых журналов,журнал как корабль,журнал / литература,продолжение / закрытие,сохранение
https://gramota.ru/journal/novosti-i-sobytiya/o-chem-govoryat-slova-2024-goda,О чем говорят слова 2024 года,Литературный канон,Лингвистический обзор,СЛОВО,языковая динамика,слово как барометр,лингвист / общество,изменение / стабильность,наблюдение
https://gramota.ru/journal/stati/zhizn-yazyka/chto-my-znaem-o-populyarnykh-slovakh-goda,Популярные слова года: 11 эскизов к портретам,Литературный канон,Лингвистический анализ,СЛОВО ГОДА,лексикографическая оценка,слово как портрет,лингвист / общество,новое / вечное,анализ
https://gramota.ru/journal/stati/nauka/novoe-v-metaslovare-gramoty,Новое в метасловаре Грамоты: лексикографические описания,Литературный канон,Лингвистическая статья,СЛОВАРЬ,лексикографическая практика,словарь как зеркало,лингвист / язык,описание / игнорирование,описание
https://russkayarech.ru/ru/archive/2024-5,Русская речь. 2024. №5: Гоголь и пушкинский ямб,Литературный канон,Филологическая статья,ФОРМА,литературный анализ,стих как механизм,филолог / классика,точность / приблизительность,анализ
https://russkayarech.ru/ru/archive/2024-4,Русская речь. 2024. №4: Национальный словарный фонд,Литературный канон,Филологическая статья,ФОНД,лексическое наследие,словарь как хранилище,лингвист / нация,сохранение / утрата,сохранение
https://nm1925.ru/journal-archive/year-content/2024,Содержание «Нового мира» за 2024 год,Литературный канон,Литературный обзор,ГОД,литературная панорама,журнал как летопись,редакция / читатель,многообразие / однообразие,обзор
https://lenta.ru/news/2024/08/29/fight,Власти начали готовить план по борьбе с ростом цен,Новости,Новость о политике цен,БОРЬБА,ценовой контроль,инфляция как враг,государство / ЦБ,контроль / стихия,регулирование
https://www.vedomosti.ru/analytics/krupnyy_plan/articles/2025/06/15/1130458-strategiya-adaptacii-ekonomiki,Стратегия адаптации экономики к новым условиям,Аналитика,Аналитика о структурной трансформации,АДАПТАЦИЯ,структурная трансформация,экономика как система,государство / бизнес,адаптация / инерция,адаптация
https://expert.ru/expertise/2025/ekonomicheskaya-strategiya-2026,Экономическая стратегия 2026: приоритеты развития,Аналитика,Аналитика о стратегии,СТРАТЕГИЯ,стратегическое планирование,стратегия как маршрут,государство / экономика,развитие / стабилизация,планирование
https://www.kommersant.ru/doc/8601234,Региональные инвестиционные проекты: новые приоритеты,Аналитика,Аналитика об инвестициях,ИНВЕСТИЦИЯ,инвестиционная переориентация,инвестиция как посев,инвестор / регион,развитие / стагнация,инвестирование
https://tass.ru/interviews/27350123,Резин: космическая программа России на 2026 год,Интервью,Интервью с руководителем Роскосмоса,КОСМОС,космическая программа,космос как горизонт,руководитель / общество,развитие / ограничения,развитие
https://www.rbc.ru/interviews/15/03/2025/6875a3c29a7947b0e2a18f01,Главный экономист ВТБ о перспективах роста,Интервью,Интервью с экономистом,РОСТ,экономическая динамика,экономика как механизм,экономист / рынок,рост / корректировка,анализ
https://www.forbes.ru/rubriki-kanaly/video/562001-andrey-seleznev-forbes,Селезнёв — Forbes: Как ИИ меняет медицину,Интервью,Интервью с ИИ-экспертом,МЕДИЦИНА,цифровая трансформация здравоохранения,ИИ как диагност,эксперт / медицина,инновация / традиция,внедрение
https://www.vedomosti.ru/opinion/columns/2025/09/15/1145550-kak-izmenilas-rol-eksperta,Как изменилась роль эксперта в публичном пространстве,Колонки / публицистика,Колонка об экспертизе,ЭКСПЕРТИЗА,трансформация публичной экспертизы,эксперт как навигатор,эксперт / общество,компетентность / дилетантизм,рефлексия
https://snob.ru/entry/3120010,Грамотность в эпоху нейросетей: что мы теряем,Колонки / публицистика,Эссе о грамотности,ГРАМОТНОСТЬ,трансформация языковой культуры,язык как инструмент,общество / технологии,качество / упрощение,наблюдение
https://www.kommersant.ru/doc/8499021,Новая культурная политика: от идеологии к практике,Колонки / публицистика,Колонка о культурной политике,КУЛЬТУРНАЯ ПОЛИТИКА,государство и культура,культура как инфраструктура,государство / культура,регулирование / автономия,регулирование
https://nvo.ng.ru/ideas/2025-10-15/3_9398_ideas.html,Архитектура безопасности: новые вызовы и ответы,Колонки / публицистика,Колонка о безопасности,БЕЗОПАСНОСТЬ,архитектура безопасности,безопасность как конструкция,государство / общество,безопасность / свобода,регулирование
https://www.vedomosti.ru/opinion/columns/2025/08/20/1138450-o-rol-semyi-v-sovremennom-obschestve,О роли семьи в современном обществе,Колонки / публицистика,Колонка о семье,СЕМЬЯ,социальная динамика семьи,семья как фундамент,общество / государство,традиция / модернизация,поддержка
https://snob.ru/entry/3115005,Поколение Z и рынок труда: кто кого,Колонки / публицистика,Эссе о поколениях,ПОКОЛЕНИЕ,поколенческая динамика на рынке труда,поколение как волна,молодёжь / рынок,новизна / опыт,адаптация
https://www.kommersant.ru/doc/8605432,Образование как национальный приоритет: что изменилось,Колонки / публицистика,Колонка об образовании,ОБРАЗОВАНИЕ,образовательная трансформация,образование как фундамент,министерство / общество,качество / массовость,реформа
https://www.vedomosti.ru/opinion/columns/2026/02/10/1178450-cifrovye-prava-grazhdan,Цифровые права граждан: баланс интересов,Колонки / публицистика,Колонка о цифровых правах,ПРАВО,цифровое регулирование,право как балансир,государство / гражданин,защита / свобода,регулирование
