text_id,title,source,source_type,publication_date,year,url,access_date,segment,genre,speed_layer,region,topics,selection_reason,license_status,annotation_status
news_001,Затраты бизнеса в РФ на ИИ в 2025 году составили 257 млрд рублей,ТАСС,agency,,,https://tass.ru/ekonomika/27040453,2026-06-01,news,news,fast,,economy_and_labor;technologies,"Материал из раздела «Новости», содержит концепт «РАЗВИТИЕ», фрейм «технологический прорыв» и модель действия «модернизация», значимые для реконструкции медиакультурной модели мира.",metadata_only,assisted_draft
news_002,В рамочном законопроекте про ИИ в России учли предложения разработчиков,ТАСС,agency,,,https://tass.ru/ekonomika/27570217,2026-06-01,news,news,fast,,state_and_society;technologies;law_and_institutions,"Материал из раздела «Новости», содержит концепт «БЕЗОПАСНОСТЬ», фрейм «регулирование» и модель действия «регулирование», значимые для реконструкции медиакультурной модели мира.",metadata_only,assisted_draft
news_003,Российские ученые оценили влияние ИИ на фармацевтику,РИА Новости,agency,,,https://ria.ru/20260530/uchenye-2095743428.html,2026-06-01,news,news,fast,,technologies;education_and_science,"Материал из раздела «Новости», содержит концепт «ЗНАНИЕ», фрейм «научное открытие» и модель действия «инновация», значимые для реконструкции медиакультурной модели мира.",metadata_only,assisted_draft
news_004,Путин назвал конкурентные преимущества России в развитии ИИ,Коммерсантъ,business_media,,,https://www.kommersant.ru/doc/8692923,2026-06-01,news,news,fast,,technologies,"Материал из раздела «Новости», содержит концепт «СИЛА», фрейм «национальное лидерство» и модель действия «стратегическое развитие», значимые для реконструкции медиакультурной модели мира.",metadata_only,assisted_draft
news_005,Зачем промышленным предприятиям России нужны нейросети,РБК,business_media,,2024,https://www.rbc.ru/technology_and_media/08/11/2024/671b85db9a794780798aea5b,2026-06-01,news,news,fast,,technologies,"Материал из раздела «Новости», содержит концепт «ЭФФЕКТИВНОСТЬ», фрейм «промышленная модернизация» и модель действия «оптимизация», значимые для реконструкции медиакультурной модели мира.",metadata_only,assisted_draft
news_006,Рынок ИИ в России кратно вырастет в 2025 году,Известия,federal_media,,,https://iz.ru/1814425/anton-belyi/mashinnyj-cvet-rynok-ii-v-rossii-kratno-vyrastet-v-2025-godu,2026-06-01,news,news,fast,,economy_and_labor;technologies,"Материал из раздела «Новости», содержит концепт «РОСТ», фрейм «рыночная экспансия» и модель действия «инвестиция», значимые для реконструкции медиакультурной модели мира.",metadata_only,assisted_draft
news_007,Хакеры стали вдвое чаще использовать ИИ для атак,Известия,federal_media,,,https://iz.ru/2049479/iana-shturma/novyj-kod-hakery-stali-vdvoe-chashche-ispolzovat-ii-dlya-atak,2026-06-01,news,news,fast,,technologies;health_and_security,"Материал из раздела «Новости», содержит концепт «УГРОЗА», фрейм «кибератака» и модель действия «защита», значимые для реконструкции медиакультурной модели мира.",metadata_only,assisted_draft
news_008,"Новое правительство России 2024: все министры, вице-премьеры",Газета.ru,federal_media,,2024,https://www.gazeta.ru/politics/2024/05/14/19076389.shtml,2026-06-01,news,news,fast,,state_and_society;technologies,"Материал из раздела «Новости», содержит концепт «ВЛАСТЬ», фрейм «государственное управление» и модель действия «управление», значимые для реконструкции медиакультурной модели мира.",metadata_only,assisted_draft
news_009,"Путин послал послание: современная, комфортная Россия",Газета.ru,federal_media,,2024,https://www.gazeta.ru/social/2024/03/01/18354896.shtml,2026-06-01,news,news,fast,,state_and_society,"Материал из раздела «Новости», содержит концепт «БУДУЩЕЕ», фрейм «национальный проект» и модель действия «строительство», значимые для реконструкции медиакультурной модели мира.",metadata_only,assisted_draft
news_010,Путин поручил разработать меры по улучшению демографии,РИА Новости,agency,,,https://ria.ru/20251208/putiny-2060617599.html,2026-06-01,news,news,fast,,technologies;family_and_demography,"Материал из раздела «Новости», содержит концепт «ЖИЗНЬ», фрейм «демографическая политика» и модель действия «сохранение», значимые для реконструкции медиакультурной модели мира.",metadata_only,assisted_draft
news_011,Концепция миграционной политики коснется образования и русского языка,РИА Новости,agency,,,https://ria.ru/20251015/rossiya-2048504926.html,2026-06-01,news,news,fast,,state_and_society;technologies;education_and_science;family_and_demography,"Материал из раздела «Новости», содержит концепт «ИДЕНТИЧНОСТЬ», фрейм «культурная интеграция» и модель действия «ассимиляция», значимые для реконструкции медиакультурной модели мира.",metadata_only,assisted_draft
news_012,Росстат назвал численность россиян к началу 2025 года,РБК,business_media,,2025,https://www.rbc.ru/society/31/01/2025/679ceb1f9a794739d6fa3ad1,2026-06-01,news,news,fast,,technologies;family_and_demography,"Материал из раздела «Новости», содержит концепт «ДЕМОГРАФИЯ», фрейм «статистический учёт» и модель действия «мониторинг», значимые для реконструкции медиакультурной модели мира.",metadata_only,assisted_draft
news_013,У России появилась демографическая стратегия,Известия,federal_media,,,https://iz.ru/1859796/valentina-averanova/roditelnyi-padez-u-rossii-poavilas-demograficeskaa-strategia,2026-06-01,news,news,fast,,technologies;family_and_demography,"Материал из раздела «Новости», содержит концепт «СЕМЬЯ», фрейм «стратегическое планирование» и модель действия «планирование», значимые для реконструкции медиакультурной модели мира.",metadata_only,assisted_draft
news_014,ВЦИОМ выделил четыре демографических сценария к 2036,Ведомости,business_media,,2025,https://www.vedomosti.ru/society/articles/2025/05/16/1110458-vtsiom-videlil-chetire-demograficheskih-stsenariya,2026-06-01,news,news,fast,,family_and_demography;future_models,"Материал из раздела «Новости», содержит концепт «ПРОГНОЗ», фрейм «сценарное планирование» и модель действия «прогнозирование», значимые для реконструкции медиакультурной модели мира.",metadata_only,assisted_draft
news_015,Образование как главный экспорт XXI века: шансы России,ТАСС,agency,,,https://tass.ru/opinions/27578597,2026-06-01,news,news,fast,,technologies;education_and_science,"Материал из раздела «Новости», содержит концепт «ЭКСПОРТ», фрейм «образовательная экспансия» и модель действия «экспансия», значимые для реконструкции медиакультурной модели мира.",metadata_only,assisted_draft
news_016,Ведущие вузы РФ начнут переход на новую систему образования,ТАСС,agency,,,https://tass.ru/obschestvo/26279597,2026-06-01,news,news,fast,,education_and_science,"Материал из раздела «Новости», содержит концепт «РЕФОРМА», фрейм «образовательная трансформация» и модель действия «трансформация», значимые для реконструкции медиакультурной модели мира.",metadata_only,assisted_draft
news_017,Вузы перейдут на новую систему образования с сентября,Интерфакс,agency,,,https://www.interfax.ru/russia/1077376,2026-06-01,news,news,fast,,education_and_science,"Материал из раздела «Новости», содержит концепт «ПЕРЕХОД», фрейм «системная трансформация» и модель действия «реализация», значимые для реконструкции медиакультурной модели мира.",metadata_only,assisted_draft
news_018,Экономика РФ в 2025 году выросла на 1%,РБК,business_media,,2026,https://www.rbc.ru/economics/06/02/2026/6985fe749a7947b0e2a18e3e,2026-06-01,news,news,fast,,economy_and_labor,"Материал из раздела «Новости», содержит концепт «РОСТ», фрейм «экономическая динамика» и модель действия «стимулирование», значимые для реконструкции медиакультурной модели мира.",metadata_only,assisted_draft
news_019,Высокая ключевая ставка замедлит рост экономики в 2025,Ведомости,business_media,,2025,https://www.vedomosti.ru/economics/articles/2025/01/10/1085363-visokaya-klyuchevaya-stavka-zamedlit-rost-ekonomiki,2026-06-01,news,news,fast,,economy_and_labor;technologies,"Материал из раздела «Новости», содержит концепт «ТОРМОЖЕНИЕ», фрейм «монетарная политика» и модель действия «регулирование», значимые для реконструкции медиакультурной модели мира.",metadata_only,assisted_draft
news_020,Росстат назвал размер инфляции в 2025 году,РБК,business_media,,,https://www.rbc.ru/rbcfreenews/696a72839a7947f46b0d9367,2026-06-01,news,news,fast,,economy_and_labor;technologies,"Материал из раздела «Новости», содержит концепт «СТОИМОСТЬ», фрейм «инфляционный процесс» и модель действия «контроль», значимые для реконструкции медиакультурной модели мира.",metadata_only,assisted_draft
news_021,Путин назвал пять элементов структурной трансформации экономики,Ведомости,business_media,,2025,https://www.vedomosti.ru/economics/articles/2025/06/23/1119182-putin-nazval-pyat-elementov-strukturnoi-transformatsii-ekonomiki,2026-06-01,news,news,fast,,economy_and_labor;technologies,"Материал из раздела «Новости», содержит концепт «ТРАНСФОРМАЦИЯ», фрейм «структурные реформы» и модель действия «реформа», значимые для реконструкции медиакультурной модели мира.",metadata_only,assisted_draft
news_022,Минэк снизил прогноз роста экономики до 1% в 2025,Ведомости,business_media,,2025,https://www.vedomosti.ru/economics/articles/2025/09/24/1141664-minek-snizil-prognoz,2026-06-01,news,news,fast,,economy_and_labor;future_models,"Материал из раздела «Новости», содержит концепт «ПАДЕНИЕ», фрейм «прогнозная корректировка» и модель действия «корректировка», значимые для реконструкции медиакультурной модели мира.",metadata_only,assisted_draft
news_023,Годовая инфляция в России опустилась ниже 7%,Лента.ру,federal_media,,2025,https://lenta.ru/news/2025/11/26/godovaya-inflyatsiya-v-rossii-opustilas-nizhe-semi-protsentov,2026-06-01,news,news,fast,,economy_and_labor;technologies,"Материал из раздела «Новости», содержит концепт «СНИЖЕНИЕ», фрейм «ценовая стабилизация» и модель действия «стабилизация», значимые для реконструкции медиакультурной модели мира.",metadata_only,assisted_draft
news_024,Путин подписал бюджет на три года,Газета.ru,federal_media,,2024,https://www.gazeta.ru/politics/2024/12/01/20165072.shtml,2026-06-01,news,news,fast,,economy_and_labor,"Материал из раздела «Новости», содержит концепт «БЮДЖЕТ», фрейм «финансовое планирование» и модель действия «планирование», значимые для реконструкции медиакультурной модели мира.",metadata_only,assisted_draft
news_025,В РФ снизилось количество преступлений с использованием новых технологий,ТАСС,agency,,,https://tass.ru/ekonomika/27530931,2026-06-01,news,news,fast,,technologies;health_and_security,"Материал из раздела «Новости», содержит концепт «БЕЗОПАСНОСТЬ», фрейм «правопорядок» и модель действия «контроль», значимые для реконструкции медиакультурной модели мира.",metadata_only,assisted_draft
news_026,В Москве число IT-преступлений против граждан снизилось,ТАСС,agency,,,https://tass.ru/obschestvo/27546499,2026-06-01,news,news,fast,,technologies;health_and_security,"Материал из раздела «Новости», содержит концепт «ЗАЩИТА», фрейм «цифровая безопасность» и модель действия «превенция», значимые для реконструкции медиакультурной модели мира.",metadata_only,assisted_draft
news_027,"Число причастных к терроризму подростков выросло в 2,5 раза",ТАСС,agency,,,https://tass.ru/proisshestviya/27138967,2026-06-01,news,news,fast,,health_and_security,"Материал из раздела «Новости», содержит концепт «УГРОЗА», фрейм «Идеологическая динамика молодёжи» и модель действия «профилактика», значимые для реконструкции медиакультурной модели мира.",metadata_only,assisted_draft
news_028,Лидеры РФ и КНР примут Декларацию о многополярном мире,ТАСС,agency,,,https://tass.ru/politika/27447659,2026-06-01,news,news,fast,,state_and_society;technologies;international_agenda,"Материал из раздела «Новости», содержит концепт «МНОГОПОЛЯРНОСТЬ», фрейм «многополярный порядок» и модель действия «координация», значимые для реконструкции медиакультурной модели мира.",metadata_only,assisted_draft
news_029,Путин: Россия и Казахстан за демократизацию международных отношений,ТАСС,agency,,,https://tass.ru/politika/27541323,2026-06-01,news,news,fast,,technologies;international_agenda,"Материал из раздела «Новости», содержит концепт «СУВЕРЕНИТЕТ», фрейм «международное равноправие» и модель действия «сотрудничество», значимые для реконструкции медиакультурной модели мира.",metadata_only,assisted_draft
news_030,На Западе опасаются идеи Путина о платежной системе БРИКС,РБК,business_media,,2024,https://www.rbc.ru/politics/24/10/2024/671a3dad9a7947b37650487a,2026-06-01,news,news,fast,,international_agenda,"Материал из раздела «Новости», содержит концепт «СУВЕРЕНИТЕТ», фрейм «финансовая независимость» и модель действия «создание альтернативы», значимые для реконструкции медиакультурной модели мира.",metadata_only,assisted_draft
news_031,Как РОСКОНЦЕРТ превращает искусство в дипломатию,Лента.ру,federal_media,,2025,https://lenta.ru/articles/2025/12/24/kulturnyy-obmen,2026-06-01,news,news,fast,,technologies;culture_and_memory;international_agenda,"Материал из раздела «Новости», содержит концепт «ДИПЛОМАТИЯ», фрейм «культурный обмен» и модель действия «культурный обмен», значимые для реконструкции медиакультурной модели мира.",metadata_only,assisted_draft
news_032,Как бренды из национальных республик сохраняют культуру,Лента.ру,federal_media,,2025,https://lenta.ru/articles/2025/11/06/eto-pamyat-o-rodnoy-zemle,2026-06-01,news,news,fast,,culture_and_memory,"Материал из раздела «Новости», содержит концепт «ПАМЯТЬ», фрейм «культурное наследие» и модель действия «сохранение», значимые для реконструкции медиакультурной модели мира.",metadata_only,assisted_draft
news_033,Год защитника Отечества — 2025,Лента.ру,federal_media,,2025,https://lenta.ru/articles/2025/01/15/god-zaschitnika-otechestva-2025,2026-06-01,news,news,fast,,technologies;culture_and_memory,"Материал из раздела «Новости», содержит концепт «ПОДВИГ», фрейм «историческая память» и модель действия «чествование», значимые для реконструкции медиакультурной модели мира.",metadata_only,assisted_draft
news_034,Русский музей стал лучшим в 2025 году по версии The Art Newspaper,ТАСС,agency,,,https://tass.ru/kultura/26888973,2026-06-01,news,news,fast,,technologies;culture_and_memory,"Материал из раздела «Новости», содержит концепт «ПРИЗНАНИЕ», фрейм «культурное лидерство» и модель действия «популяризация», значимые для реконструкции медиакультурной модели мира.",metadata_only,assisted_draft
news_035,Севастополь становится новой культурной столицей юга России,ТАСС,agency,,,https://tass.ru/obschestvo/23143655,2026-06-01,news,news,fast,,technologies;culture_and_memory;regional_development,"Материал из раздела «Новости», содержит концепт «ВОЗРОЖДЕНИЕ», фрейм «культурное развитие региона» и модель действия «развитие», значимые для реконструкции медиакультурной модели мира.",metadata_only,assisted_draft
news_036,Лавров подвел итоги работы МИД в 2025 году,ТАСС,agency,,,https://tass.ru/politika/26191397,2026-06-01,news,news,fast,,state_and_society;technologies,"Материал из раздела «Новости», содержит концепт «СУВЕРЕНИТЕТ», фрейм «дипломатическая деятельность» и модель действия «защита интересов», значимые для реконструкции медиакультурной модели мира.",metadata_only,assisted_draft
news_037,Итоги 2025 года в сфере БПЛА,RT,federal_media,,,https://russian.rt.com/russia/article/1576031-bpla-drony-svo-itogi-2025,2026-06-01,news,news,fast,,technologies;health_and_security,"Материал из раздела «Новости», содержит концепт «ОБОРОНА», фрейм «технологическое превосходство» и модель действия «развитие», значимые для реконструкции медиакультурной модели мира.",metadata_only,assisted_draft
news_038,Пять главных оружейных новинок российской армии в 2025,RT,federal_media,,,https://russian.rt.com/russia/article/1578811-burevestnik-poseidon-oruzhie-novinki-2025,2026-06-01,news,news,fast,,technologies;health_and_security,"Материал из раздела «Новости», содержит концепт «СИЛА», фрейм «военная мощь» и модель действия «вооружение», значимые для реконструкции медиакультурной модели мира.",metadata_only,assisted_draft
news_039,"В РФ за семь лет число IT-преступлений выросло в 7,5 раза",ТАСС,agency,,,https://tass.ru/obschestvo/23128087,2026-06-01,news,news,fast,,technologies;family_and_demography;health_and_security,"Материал из раздела «Новости», содержит концепт «УГРОЗА», фрейм «цифровые вызовы» и модель действия «борьба», значимые для реконструкции медиакультурной модели мира.",metadata_only,assisted_draft
analyt_001,Искусственный интеллект 2023–2024: борьба за данные,РБК Тренды,business_media,,,https://trends.rbc.ru/trends/industry/656da1929a79470b97ad54ad,2026-06-01,analytics,analysis,medium,,technologies;culture_and_memory;future_models,"Материал из раздела «Аналитика», содержит концепт «ДАННЫЕ», фрейм «конкуренция за ресурсы» и модель действия «борьба за ресурсы», значимые для реконструкции медиакультурной модели мира.",metadata_only,assisted_draft
analyt_002,Итоги 2025 года в ИИ: где заканчивается хайп,РБК Тренды,business_media,,,https://trends.rbc.ru/trends/industry/694d4ce89a79476c5f6270d6,2026-06-01,analytics,analysis,medium,,technologies,"Материал из раздела «Аналитика», содержит концепт «РЕАЛЬНОСТЬ», фрейм «развенчание иллюзий» и модель действия «рационализация», значимые для реконструкции медиакультурной модели мира.",metadata_only,assisted_draft
analyt_003,Цифровое похмелье: почему мы устали от ИИ-контента,РБК Тренды,business_media,,,https://trends.rbc.ru/trends/social/68e76c4f9a794769629fff4a,2026-06-01,analytics,analysis,medium,,technologies,"Материал из раздела «Аналитика», содержит концепт «УСТАЛОСТЬ», фрейм «цифровая адаптация» и модель действия «ограничение», значимые для реконструкции медиакультурной модели мира.",metadata_only,assisted_draft
analyt_004,Алгоритмы как кураторы: как ИИ формирует вкус,РБК Тренды,business_media,,,https://trends.rbc.ru/trends/industry/6853a8a49a794719f86161dc,2026-06-01,analytics,analysis,medium,,technologies,"Материал из раздела «Аналитика», содержит концепт «ВКУС», фрейм «алгоритмическая куратура» и модель действия «фильтрация», значимые для реконструкции медиакультурной модели мира.",metadata_only,assisted_draft
analyt_005,Как ИИ-боты создают информационные пузыри,РБК Тренды,business_media,,,https://trends.rbc.ru/trends/social/693831c89a7947536b9e1ca8,2026-06-01,analytics,analysis,medium,,technologies,"Материал из раздела «Аналитика», содержит концепт «ИСТИНА», фрейм «информационная фильтрация» и модель действия «диверсификация», значимые для реконструкции медиакультурной модели мира.",metadata_only,assisted_draft
analyt_006,"6 трендов аналитики данных, которые изменят бизнес",РБК Тренды,business_media,,,https://trends.rbc.ru/trends/industry/67d7eacc9a7947482963ece1,2026-06-01,analytics,analysis,medium,,economy_and_labor;technologies;future_models,"Материал из раздела «Аналитика», содержит концепт «ТРЕНД», фрейм «рыночная трансформация» и модель действия «адаптация», значимые для реконструкции медиакультурной модели мира.",metadata_only,assisted_draft
analyt_007,"Технотренды-2026: ИИ лидирует, а главный барьер — не деньги",РБК Тренды,business_media,,,https://trends.rbc.ru/trends/innovation/69b2ee809a79474d1d75ccd7,2026-06-01,analytics,analysis,medium,,technologies;future_models,"Материал из раздела «Аналитика», содержит концепт «БАРЬЕР», фрейм «организационное сопротивление» и модель действия «преодоление», значимые для реконструкции медиакультурной модели мира.",metadata_only,assisted_draft
analyt_008,Рост расходов компаний «на цифру» замедлился,Коммерсантъ,business_media,,,https://www.kommersant.ru/doc/8477068,2026-06-01,analytics,analysis,medium,,technologies,"Материал из раздела «Аналитика», содержит концепт «ЗАМЕДЛЕНИЕ», фрейм «насыщение цифрового рынка» и модель действия «оптимизация», значимые для реконструкции медиакультурной модели мира.",metadata_only,assisted_draft
analyt_009,Большие данные пошли в рост,Коммерсантъ,business_media,,,https://www.kommersant.ru/doc/8335113,2026-06-01,analytics,analysis,medium,,technologies,"Материал из раздела «Аналитика», содержит концепт «ДАННЫЕ», фрейм «рыночный рост» и модель действия «монетизация», значимые для реконструкции медиакультурной модели мира.",metadata_only,assisted_draft
analyt_010,Рынок генеративного ИИ в России вырастет в пять раз,Коммерсантъ,business_media,,,https://www.kommersant.ru/doc/8270384,2026-06-01,analytics,analysis,medium,,economy_and_labor;technologies,"Материал из раздела «Аналитика», содержит концепт «ЭКСПАНСИЯ», фрейм «рыночная экспансия» и модель действия «инвестирование», значимые для реконструкции медиакультурной модели мира.",metadata_only,assisted_draft
analyt_011,Как ИИ меняет карьерный рост и рынок труда,Коммерсантъ,business_media,,,https://www.kommersant.ru/doc/8623954,2026-06-01,analytics,analysis,medium,,economy_and_labor;technologies,"Материал из раздела «Аналитика», содержит концепт «ТРУД», фрейм «автоматизация труда» и модель действия «переподготовка», значимые для реконструкции медиакультурной модели мира.",metadata_only,assisted_draft
analyt_012,Кибератаки в России в 2025 году,Коммерсантъ,business_media,,,https://www.kommersant.ru/doc/8462729,2026-06-01,analytics,analysis,medium,,technologies;health_and_security,"Материал из раздела «Аналитика», содержит концепт «УГРОЗА», фрейм «цифровая конкуренция» и модель действия «защита», значимые для реконструкции медиакультурной модели мира.",metadata_only,assisted_draft
analyt_013,Рынок защиты ИИ формируется: прогнозы и угрозы,Коммерсантъ,business_media,,,https://www.kommersant.ru/doc/8271101,2026-06-01,analytics,analysis,medium,,economy_and_labor;technologies;health_and_security;future_models,"Материал из раздела «Аналитика», содержит концепт «БЕЗОПАСНОСТЬ», фрейм «формирование рынка защиты» и модель действия «защита», значимые для реконструкции медиакультурной модели мира.",metadata_only,assisted_draft
analyt_014,"Экономика Рунета-2025: 38,4 трлн руб.",Коммерсантъ,business_media,,,https://www.kommersant.ru/doc/8625082,2026-06-01,analytics,analysis,medium,,economy_and_labor;technologies,"Материал из раздела «Аналитика», содержит концепт «МАСШТАБ», фрейм «цифровая экономика» и модель действия «развитие», значимые для реконструкции медиакультурной модели мира.",metadata_only,assisted_draft
analyt_015,Как ИИ проникает в экономику,Ведомости,business_media,,2025,https://www.vedomosti.ru/analytics/krupnyy_plan/articles/2025/11/25/1157711-kak-iskusstvennii-intellekt-pronikaet-v-ekonomiku,2026-06-01,analytics,analysis,medium,,economy_and_labor;technologies,"Материал из раздела «Аналитика», содержит концепт «ПРОНИКНОВЕНИЕ», фрейм «экономическая интеграция ИИ» и модель действия «интеграция», значимые для реконструкции медиакультурной модели мира.",metadata_only,assisted_draft
analyt_016,Последствия внедрения ИИ для рынка труда,Ведомости,business_media,,2026,https://www.vedomosti.ru/economics/articles/2026/01/23/1171183-ekonomisti-i-biznes-otsenili-posledstviya-vnedreniya-ii-dlya-rinka-truda,2026-06-01,analytics,analysis,medium,,economy_and_labor;technologies,"Материал из раздела «Аналитика», содержит концепт «ТРУД», фрейм «рыночная трансформация» и модель действия «адаптация», значимые для реконструкции медиакультурной модели мира.",metadata_only,assisted_draft
analyt_017,"ИТ-сектор занял 2,2% российского ВВП",Ведомости,business_media,,2025,https://www.vedomosti.ru/economics/articles/2025/01/31/1089571-it-sektor-22-vvp,2026-06-01,analytics,analysis,medium,,economy_and_labor;technologies,"Материал из раздела «Аналитика», содержит концепт «ВКЛАД», фрейм «экономическая значимость ИТ» и модель действия «развитие», значимые для реконструкции медиакультурной модели мира.",metadata_only,assisted_draft
analyt_018,Внедрение ИИ может принести экономике до 13 трлн руб.,Ведомости,business_media,,2025,https://www.vedomosti.ru/press_releases/2025/12/08/vnedrenie-ii-mozhet-prinesti-rossiiskoi-ekonomike-do-13-trln-rub-k-2030-g,2026-06-01,analytics,analysis,medium,,economy_and_labor;technologies,"Материал из раздела «Аналитика», содержит концепт «ПОТЕНЦИАЛ», фрейм «экономический прогноз» и модель действия «внедрение», значимые для реконструкции медиакультурной модели мира.",metadata_only,assisted_draft
analyt_019,Битва за TikTok: США и Китай на поле цифровой безопасности,РСМД,business_media,,,https://russiancouncil.ru/analytics-and-comments/columns/sandbox/bitva-za-tiktok,2026-06-01,analytics,analysis,medium,,state_and_society;technologies;health_and_security;international_agenda,"Материал из раздела «Аналитика», содержит концепт «СУВЕРЕНИТЕТ», фрейм «цифровая конкуренция» и модель действия «защита», значимые для реконструкции медиакультурной модели мира.",metadata_only,assisted_draft
analyt_020,Правила или практика: новые развилки глобального регулирования ИИ,РСМД,business_media,,,https://russiancouncil.ru/analytics-and-comments/analytics/pravila-ili-praktika-novye-razvilki-globalnogo-regulirovaniya-ii,2026-06-01,analytics,analysis,medium,,technologies;law_and_institutions,"Материал из раздела «Аналитика», содержит концепт «ПРАВИЛО», фрейм «институциональное развитие» и модель действия «регулирование», значимые для реконструкции медиакультурной модели мира.",metadata_only,assisted_draft
analyt_021,Искусственный интеллект и естественная война,Россия в глобальной политике,business_media,,,https://globalaffairs.ru/articles/ii-vojna-romashkina-stefanovich,2026-06-01,analytics,analysis,medium,,technologies;culture_and_memory,"Материал из раздела «Аналитика», содержит концепт «ВОЙНА», фрейм «автономные системы» и модель действия «ограничение», значимые для реконструкции медиакультурной модели мира.",metadata_only,assisted_draft
analyt_022,Парус при шторме: цифровой потенциал в мире ИИ,Россия в глобальной политике,business_media,,,https://globalaffairs.ru/articles/parus-sytnik-bazluczkaya,2026-06-01,analytics,analysis,medium,,technologies,"Материал из раздела «Аналитика», содержит концепт «ПОТЕНЦИАЛ», фрейм «цифровое развитие» и модель действия «развитие», значимые для реконструкции медиакультурной модели мира.",metadata_only,assisted_draft
analyt_023,Что экономике даст запуск комиссии по ИИ,Эксперт,business_media,,,https://expert.ru/analitika/texnologiceskaia-politika/chto-ekonomike-dast-zapusk-komissii-po-razvitiyu-iskusstvennogo-intellekta,2026-06-01,analytics,analysis,medium,,economy_and_labor;technologies;law_and_institutions,"Материал из раздела «Аналитика», содержит концепт «ИНСТИТУТ», фрейм «институциональное развитие» и модель действия «координация», значимые для реконструкции медиакультурной модели мира.",metadata_only,assisted_draft
analyt_024,Как информация становится ключевым ресурсом развития,Эксперт,business_media,,,https://expert.ru/mnenie/kak-informatsiya-stanovitsya-klyuchevym-resursom-razvitiya-rossii,2026-06-01,analytics,analysis,medium,,technologies,"Материал из раздела «Аналитика», содержит концепт «РЕСУРС», фрейм «информационная экономика» и модель действия «мобилизация», значимые для реконструкции медиакультурной модели мира.",metadata_only,assisted_draft
analyt_025,Им цифры видно все — ты так и знай,Эксперт,business_media,,,https://expert.ru/obshchestvo/im-tsifry-vidno-vse-ty-tak-i-znay,2026-06-01,analytics,analysis,medium,,technologies,"Материал из раздела «Аналитика», содержит концепт «ПРОЗРАЧНОСТЬ», фрейм «цифровой контроль» и модель действия «мониторинг», значимые для реконструкции медиакультурной модели мира.",metadata_only,assisted_draft
analyt_026,Как цифровые технологии трансформируют учебный процесс,Эксперт,business_media,,,https://expert.ru/expertise/arkhiv/obrazovanie/shkola/ot-traditsiy-k-innovatsiyam,2026-06-01,analytics,analysis,medium,,technologies;education_and_science,"Материал из раздела «Аналитика», содержит концепт «ТРАНСФОРМАЦИЯ», фрейм «цифровизация школы» и модель действия «цифровизация», значимые для реконструкции медиакультурной модели мира.",metadata_only,assisted_draft
analyt_027,В мире сформировался тренд на смягчение регулирования ИИ,Ведомости,business_media,,2026,https://www.vedomosti.ru/press_releases/2026/01/21/v-mire-sformirovalsya-trend-na-smyagchenie-i-peresmotr-regulirovaniya-v-sfere-generativnogo-ii,2026-06-01,analytics,analysis,medium,,technologies;law_and_institutions;future_models,"Материал из раздела «Аналитика», содержит концепт «СМЯГЧЕНИЕ», фрейм «регуляторная переориентация» и модель действия «либерализация», значимые для реконструкции медиакультурной модели мира.",metadata_only,assisted_draft
intvw_001,Примаков — РБК: Снаряды и учебники взаимозависимы,РБК,business_media,,2025,https://www.rbc.ru/politics/08/07/2025/686b9ca39a79477adf9a5150,2026-06-01,interview,interview,medium,,international_agenda,"Материал из раздела «Интервью», содержит концепт «СУВЕРЕНИТЕТ», фрейм «международная политика» и модель действия «переговоры», значимые для реконструкции медиакультурной модели мира.",metadata_only,assisted_draft
intvw_002,Зубаревич — об экономике регионов в 2025 году,РБК,business_media,,2025,https://www.rbc.ru/spb_sz/08/03/2025/67c5a31a9a79476e0ddd910a,2026-06-01,interview,interview,medium,,economy_and_labor;regional_development,"Материал из раздела «Интервью», содержит концепт «РЕГИОН», фрейм «экономическая дифференциация» и модель действия «диагностика», значимые для реконструкции медиакультурной модели мира.",metadata_only,assisted_draft
intvw_003,Мединский объяснил запрет пацифистских лозунгов,РБК,business_media,,2025,https://www.rbc.ru/politics/30/01/2025/679936eb9a7947bacd566159,2026-06-01,interview,interview,medium,,state_and_society,"Материал из раздела «Интервью», содержит концепт «ЦЕНЗУРА», фрейм «идеологическое регулирование» и модель действия «регулирование», значимые для реконструкции медиакультурной модели мира.",metadata_only,assisted_draft
intvw_004,"Колесников — Forbes: Курьером стать проще, чем конструктором",Forbes Russia,business_media,,,https://www.forbes.ru/rubriki-kanaly/video/559888-sergej-kolesnikov-forbes,2026-06-01,interview,interview,medium,,state_and_society,"Материал из раздела «Интервью», содержит концепт «ТРУД», фрейм «кадровый кризис» и модель действия «подготовка кадров», значимые для реконструкции медиакультурной модели мира.",metadata_only,assisted_draft
intvw_005,Вьюгин — Forbes: Экономика входит в 2026 год с нулевым ростом,Forbes Russia,business_media,,,https://www.forbes.ru/rubriki-kanaly/video/551407-oleg-v-ugin-forbes,2026-06-01,interview,interview,medium,,economy_and_labor;technologies,"Материал из раздела «Интервью», содержит концепт «СТАГНАЦИЯ», фрейм «экономическая оценка» и модель действия «диагностика», значимые для реконструкции медиакультурной модели мира.",metadata_only,assisted_draft
intvw_006,"Воронин, МТС: три новых волны развития ИИ",Forbes Russia,business_media,,,https://www.forbes.ru/spetsproekt/promo/557474-pavel-voronin-mts-web-services,2026-06-01,interview,interview,medium,,technologies,"Материал из раздела «Интервью», содержит концепт «ВОЛНА», фрейм «технологическая эволюция» и модель действия «развитие», значимые для реконструкции медиакультурной модели мира.",metadata_only,assisted_draft
intvw_007,Барокко с процессором: Олег Доу о новом искусстве,Сноб,cultural_media,,,https://snob.ru/art/barokko-s-protsessorom-oleg-dou-o-novom-iskusstve,2026-06-01,interview,interview,medium,,culture_and_memory,"Материал из раздела «Интервью», содержит концепт «ИСКУССТВО», фрейм «творческая трансформация» и модель действия «созидание», значимые для реконструкции медиакультурной модели мира.",metadata_only,assisted_draft
intvw_008,"Кононенко: после возвращения наслаждался тем, что можно пить воду",ТАСС,agency,,,https://tass.ru/interviews/22700693,2026-06-01,interview,interview,medium,,technologies,"Материал из раздела «Интервью», содержит концепт «ПОДВИГ», фрейм «космическая миссия» и модель действия «возвращение», значимые для реконструкции медиакультурной модели мира.",metadata_only,assisted_draft
intvw_009,"Мы ищем жизнь во Вселенной, чтобы понять, откуда она на Земле",ТАСС,agency,,,https://tass.ru/interviews/27559385,2026-06-01,interview,interview,medium,,state_and_society,"Материал из раздела «Интервью», содержит концепт «ПОИСК», фрейм «научное познание» и модель действия «исследование», значимые для реконструкции медиакультурной модели мира.",metadata_only,assisted_draft
intvw_010,Яковенко: приходит время противостояния,РИА Новости,agency,,,https://ria.ru/20241022/yakovenko-1979157573.html,2026-06-01,interview,interview,medium,,technologies;international_agenda,"Материал из раздела «Интервью», содержит концепт «ПРОТИВОСТОЯНИЕ», фрейм «геополитический конфликт» и модель действия «защита», значимые для реконструкции медиакультурной модели мира.",metadata_only,assisted_draft
intvw_011,Моргулов: шаги недругов не остановят сотрудничество РФ и Китая,РИА Новости,agency,,,https://ria.ru/20241227/morgulov-1991638537.html,2026-06-01,interview,interview,medium,,economy_and_labor;technologies,"Материал из раздела «Интервью», содержит концепт «СОТРУДНИЧЕСТВО», фрейм «международное партнёрство» и модель действия «укрепление», значимые для реконструкции медиакультурной модели мира.",metadata_only,assisted_draft
intvw_012,Биричевский: Россия продолжает работать с западным бизнесом,РИА Новости,agency,,,https://ria.ru/20250115/biznes-1993767956.html,2026-06-01,interview,interview,medium,,economy_and_labor;technologies;international_agenda,"Материал из раздела «Интервью», содержит концепт «СВЯЗЬ», фрейм «экономическое сотрудничество» и модель действия «сохранение связей», значимые для реконструкции медиакультурной модели мира.",metadata_only,assisted_draft
intvw_013,Караник: ни одного года без запуска в космос,ТАСС,agency,,,https://tass.ru/interviews/27065281,2026-06-01,interview,interview,medium,,education_and_science,"Материал из раздела «Интервью», содержит концепт «КОСМОС», фрейм «космическая программа» и модель действия «исследование», значимые для реконструкции медиакультурной модели мира.",metadata_only,assisted_draft
intvw_014,"Выбор, который устроил всех: интервью с банкиром",Коммерсантъ,business_media,,,https://www.kommersant.ru/doc/8571874,2026-06-01,interview,interview,medium,,state_and_society,"Материал из раздела «Интервью», содержит концепт «ВЫБОР», фрейм «финансовая стратегия» и модель действия «стратегия», значимые для реконструкции медиакультурной модели мира.",metadata_only,assisted_draft
intvw_015,Главный KPI — экономика внимания: интервью с медиаменеджером,Коммерсантъ,business_media,,,https://www.kommersant.ru/doc/8532230,2026-06-01,interview,interview,medium,,economy_and_labor,"Материал из раздела «Интервью», содержит концепт «ВНИМАНИЕ», фрейм «экономика внимания» и модель действия «управление», значимые для реконструкции медиакультурной модели мира.",metadata_only,assisted_draft
intvw_016,Серединская: об эволюции банковского обслуживания,Сноб,cultural_media,,,https://snob.ru/money/ekaterina-seredinskaia-ob-evoliutsii-bankovskogo-obsluzhivaniia,2026-06-01,interview,interview,medium,,technologies,"Материал из раздела «Интервью», содержит концепт «СЛУЖБА», фрейм «сервисная трансформация» и модель действия «сервис», значимые для реконструкции медиакультурной модели мира.",metadata_only,assisted_draft
intvw_017,Новая система высшего образования: увеличены баллы ЕГЭ,Коммерсантъ,business_media,,,https://www.kommersant.ru/doc/8340950,2026-06-01,interview,interview,medium,,technologies;education_and_science,"Материал из раздела «Интервью», содержит концепт «КАЧЕСТВО», фрейм «образовательная реформа» и модель действия «реформа», значимые для реконструкции медиакультурной модели мира.",metadata_only,assisted_draft
opin_001,Борьба с экстремизмом: новые поправки,Ведомости,business_media,,2026,https://www.vedomosti.ru/opinion/columns/2026/03/26/1185551-vesch-nedeli-borba-s-ekstremizmom,2026-06-01,opinion,column,medium,,state_and_society;law_and_institutions,"Материал из раздела «Колонки / публицистика», содержит концепт «БЕЗОПАСНОСТЬ», фрейм «правовое регулирование» и модель действия «регулирование», значимые для реконструкции медиакультурной модели мира.",metadata_only,assisted_draft
opin_002,Почему технологические лидеры не ждут готовых кадров,Ведомости,business_media,,2026,https://www.vedomosti.ru/ideas/education/columns/2026/04/06/1188222-gotovih-kadrov,2026-06-01,opinion,column,medium,,technologies,"Материал из раздела «Колонки / публицистика», содержит концепт «КАДР», фрейм «кадровый кризис» и модель действия «переподготовка», значимые для реконструкции медиакультурной модели мира.",metadata_only,assisted_draft
opin_003,Куда хуже: о кризисах 2025,Ведомости,business_media,,2025,https://www.vedomosti.ru/opinion/columns/2025/12/15/1163160-kuda-huzhe,2026-06-01,opinion,column,medium,,state_and_society,"Материал из раздела «Колонки / публицистика», содержит концепт «КРИЗИС», фрейм «экономический спад» и модель действия «адаптация», значимые для реконструкции медиакультурной модели мира.",metadata_only,assisted_draft
opin_004,Миллениалы не плачут: им за это стыдно,Сноб,cultural_media,,,https://snob.ru/profile/413059/blog/3099724,2026-06-01,opinion,essay,medium,,everyday_life,"Материал из раздела «Колонки / публицистика», содержит концепт «ПОКОЛЕНИЕ», фрейм «поколенческая травма» и модель действия «рефлексия», значимые для реконструкции медиакультурной модели мира.",metadata_only,assisted_draft
opin_005,Фактология против познания: образование в эпоху нейросетей,Сноб,cultural_media,,,https://snob.ru/obrazovanie/faktologiia-protiv-poznaniia,2026-06-01,opinion,column,medium,,technologies;education_and_science,"Материал из раздела «Колонки / публицистика», содержит концепт «ЗНАНИЕ», фрейм «образовательный кризис» и модель действия «реформа», значимые для реконструкции медиакультурной модели мира.",metadata_only,assisted_draft
opin_006,Что мы читали в 2025 году: рейтинг издательств,Сноб,cultural_media,,,https://snob.ru/literature/chto-my-chitali-v-2025-godu-reiting-knizhnykh-izdatelstv,2026-06-01,opinion,column,medium,,technologies,"Материал из раздела «Колонки / публицистика», содержит концепт «ЧТЕНИЕ», фрейм «книжный рынок» и модель действия «выбор», значимые для реконструкции медиакультурной модели мира.",metadata_only,assisted_draft
opin_007,Конец прошедшего времени: о смене политической эпохи,Коммерсантъ,business_media,,,https://www.kommersant.ru/doc/8588198,2026-06-01,opinion,column,medium,,state_and_society;technologies,"Материал из раздела «Колонки / публицистика», содержит концепт «ЭПОХА», фрейм «Политические изменения» и модель действия «наблюдение», значимые для реконструкции медиакультурной модели мира.",metadata_only,assisted_draft
opin_008,Вся кООНпромиссная рать,Коммерсантъ,business_media,,,https://www.kommersant.ru/doc/8364012,2026-06-01,opinion,column,medium,,state_and_society;technologies;international_agenda,"Материал из раздела «Колонки / публицистика», содержит концепт «КОМПРОМИСС», фрейм «международная дипломатия» и модель действия «переговоры», значимые для реконструкции медиакультурной модели мира.",metadata_only,assisted_draft
opin_009,Что изменилось в инвестприоритетах,НВО — Независимая газета,federal_media,,,https://nvo.ng.ru/editorial/2025-12-26/01_9409_red.html,2026-06-01,opinion,column,medium,,economy_and_labor;technologies,"Материал из раздела «Колонки / публицистика», содержит концепт «ИНВЕСТИЦИЯ», фрейм «экономическая переориентация» и модель действия «перераспределение», значимые для реконструкции медиакультурной модели мира.",metadata_only,assisted_draft
opin_010,100 ведущих политиков России в 2025 году,НВО — Независимая газета,federal_media,,,https://nvo.ng.ru/ideas/2026-01-11/6_9412_100.html,2026-06-01,opinion,essay,medium,,state_and_society;technologies,"Материал из раздела «Колонки / публицистика», содержит концепт «ВЛИЯНИЕ», фрейм «политический рейтинг» и модель действия «оценка», значимые для реконструкции медиакультурной модели мира.",metadata_only,assisted_draft
opin_011,Экология ищет новые вызовы,Ведомости,business_media,,2024,https://www.vedomosti.ru/esg/ecology/articles/2024/02/28/1022619-ekologiya-ischet-novie-vizovi,2026-06-01,opinion,column,medium,,technologies,"Материал из раздела «Колонки / публицистика», содержит концепт «ЭКОЛОГИЯ», фрейм «устойчивое развитие» и модель действия «баланс», значимые для реконструкции медиакультурной модели мира.",metadata_only,assisted_draft
opin_012,Как изменились партийные симпатии избирателей,Коммерсантъ,business_media,,,https://www.kommersant.ru/doc/7429862,2026-06-01,opinion,column,medium,,technologies,"Материал из раздела «Колонки / публицистика», содержит концепт «ВЫБОР», фрейм «электоральная динамика» и модель действия «наблюдение», значимые для реконструкции медиакультурной модели мира.",metadata_only,assisted_draft
cultj_001,От Дюрера до Дейнеки: выставки 2025 года,Культура.РФ,cultural_media,,,https://www.culture.ru/materials/258644/ot-dyurera-do-deineki-samye-interesnye-vystavki-2025-goda,2026-06-01,cultural_journalism,review,long,,economy_and_labor;culture_and_memory,"Материал из раздела «Культурная журналистика», содержит концепт «ИСКУССТВО», фрейм «художественная выставка» и модель действия «популяризация», значимые для реконструкции медиакультурной модели мира.",metadata_only,assisted_draft
cultj_002,Главные выставки 2023 года,Культура.РФ,cultural_media,,,https://www.culture.ru/materials/257560/glavnye-vystavki-2023-goda,2026-06-01,cultural_journalism,review,long,,economy_and_labor;culture_and_memory,"Материал из раздела «Культурная журналистика», содержит концепт «КУЛЬТУРНОЕ НАСЛЕДИЕ», фрейм «музейная жизнь» и модель действия «сохранение», значимые для реконструкции медиакультурной модели мира.",metadata_only,assisted_draft
cultj_003,Театральный сезон 2024/25: премьеры,Культура.РФ,cultural_media,,,https://www.culture.ru/materials/258531/chto-smotret-v-teatralnom-sezone-2024-25-premery-moskvy-i-peterburga,2026-06-01,cultural_journalism,review,long,,culture_and_memory,"Материал из раздела «Культурная журналистика», содержит концепт «ТЕАТР», фрейм «театральная премьера» и модель действия «просвещение», значимые для реконструкции медиакультурной модели мира.",metadata_only,assisted_draft
cultj_004,Спектакли проекта «СВОи. Непридуманные истории»,Культура.РФ,cultural_media,,,https://www.culture.ru/materials/258946/spektakli-proekta-svoi-nepridumannye-istorii,2026-06-01,cultural_journalism,review,long,,technologies,"Материал из раздела «Культурная журналистика», содержит концепт «СВИДЕТЕЛЬСТВО», фрейм «документальный театр» и модель действия «свидетельствование», значимые для реконструкции медиакультурной модели мира.",metadata_only,assisted_draft
cultj_005,В Третьяковской галерее вспоминают Александра Константинова,Независимая газета,federal_media,,,https://www.ng.ru/culture/2024-02-20/7_8953_gallery.html,2026-06-01,cultural_journalism,review,long,,economy_and_labor;culture_and_memory,"Материал из раздела «Культурная журналистика», содержит концепт «ПАМЯТЬ», фрейм «художественное наследие» и модель действия «сохранение», значимые для реконструкции медиакультурной модели мира.",metadata_only,assisted_draft
cultj_006,«Новое общество художников»,Независимая газета,federal_media,,,https://www.ng.ru/culture/2024-10-27/7_9123_museum.html,2026-06-01,cultural_journalism,review,long,,economy_and_labor;culture_and_memory,"Материал из раздела «Культурная журналистика», содержит концепт «СООБЩЕСТВО», фрейм «коллективное творчество» и модель действия «популяризация», значимые для реконструкции медиакультурной модели мира.",metadata_only,assisted_draft
cultj_007,Современное искусство расцветает средними чеками,Независимая газета,federal_media,,,https://www.ng.ru/culture/2024-03-31/6_8983_art.html,2026-06-01,cultural_journalism,reportage,long,,culture_and_memory,"Материал из раздела «Культурная журналистика», содержит концепт «РЫНОК», фрейм «рыночная динамика искусства» и модель действия «продажа», значимые для реконструкции медиакультурной модели мира.",metadata_only,assisted_draft
cultj_008,Берлинале–2024: 10 главных фильмов,Коммерсантъ,business_media,,,https://www.kommersant.ru/doc/6493375,2026-06-01,cultural_journalism,review,long,,culture_and_memory,"Материал из раздела «Культурная журналистика», содержит концепт «КИНО», фрейм «фестивальный показ» и модель действия «просвещение», значимые для реконструкции медиакультурной модели мира.",metadata_only,assisted_draft
cultj_009,Каннский кинофестиваль: обзор фильмов,Коммерсантъ,business_media,,,https://www.kommersant.ru/doc/6712775,2026-06-01,cultural_journalism,review,long,,culture_and_memory,"Материал из раздела «Культурная журналистика», содержит концепт «ПРЕЗЕНТАЦИЯ», фрейм «международный кинопоказ» и модель действия «репрезентация», значимые для реконструкции медиакультурной модели мира.",metadata_only,assisted_draft
cultj_010,Почему россияне стали меньше ходить в театры,Коммерсантъ,business_media,,,https://www.kommersant.ru/doc/6727817,2026-06-01,cultural_journalism,analysis,long,,technologies;culture_and_memory,"Материал из раздела «Культурная журналистика», содержит концепт «КРИЗИС», фрейм «динамика культурного потребления» и модель действия «привлечение», значимые для реконструкции медиакультурной модели мира.",metadata_only,assisted_draft
cultj_011,Локарно-2024: реальность кусается,РБК Стиль,cultural_media,,,https://style.rbc.ru/impressions/66bc84839a794720dc3db980,2026-06-01,cultural_journalism,review,long,,culture_and_memory,"Материал из раздела «Культурная журналистика», содержит концепт «РЕАЛЬНОСТЬ», фрейм «кинематографическая правда» и модель действия «наблюдение», значимые для реконструкции медиакультурной модели мира.",metadata_only,assisted_draft
cultj_012,Канны-2024: в чем загадка Трампа,РБК Стиль,cultural_media,,,https://style.rbc.ru/impressions/664f47709a79472ac8074d33,2026-06-01,cultural_journalism,reportage,long,,state_and_society,"Материал из раздела «Культурная журналистика», содержит концепт «ЗАГАДКА», фрейм «культурный феномен» и модель действия «наблюдение», значимые для реконструкции медиакультурной модели мира.",metadata_only,assisted_draft
cultj_013,Маяк: фестиваль актуального российского кино,РБК Стиль,cultural_media,,,https://style.rbc.ru/impressions/6708fbd19a7947a40b5b3a6f,2026-06-01,cultural_journalism,other,long,,culture_and_memory,"Материал из раздела «Культурная журналистика», содержит концепт «СОВРЕМЕННОСТЬ», фрейм «новое российское кино» и модель действия «популяризация», значимые для реконструкции медиакультурной модели мира.",metadata_only,assisted_draft
cultj_014,Новый роман Пелевина: круть или не круть?,РБК Стиль,cultural_media,,,https://style.rbc.ru/impressions/66fe680e9a79471ce45858a2,2026-06-01,cultural_journalism,review,long,,culture_and_memory,"Материал из раздела «Культурная журналистика», содержит концепт «ЛИТЕРАТУРА», фрейм «литературная оценка» и модель действия «оценка», значимые для реконструкции медиакультурной модели мира.",metadata_only,assisted_draft
cultj_015,Как музеи показывали современное искусство в 2024,Forbes Russia,business_media,,,https://www.forbes.ru/forbeslife/527979-opasnye-sputniki,2026-06-01,cultural_journalism,review,long,,technologies;culture_and_memory,"Материал из раздела «Культурная журналистика», содержит концепт «ИТОГ», фрейм «музейный год» и модель действия «подведение итогов», значимые для реконструкции медиакультурной модели мира.",metadata_only,assisted_draft
cultj_016,Самые ожидаемые мировые выставки 2024,Forbes Russia,business_media,,,https://www.forbes.ru/forbeslife/503189-ot-van-goga-do-joko-ono,2026-06-01,cultural_journalism,review,long,,economy_and_labor;culture_and_memory,"Материал из раздела «Культурная журналистика», содержит концепт «ОЖИДАНИЕ», фрейм «культурный календарь» и модель действия «анонс», значимые для реконструкции медиакультурной модели мира.",metadata_only,assisted_draft
cultj_017,Почему на биеннале в Венеции Россию представляет Узбекистан,Forbes Russia,business_media,,,https://www.forbes.ru/forbeslife/513921-pocemu-na-biennale-v-veneciu-rossiu-predstavlaet-uzbekistan,2026-06-01,cultural_journalism,reportage,long,,technologies,"Материал из раздела «Культурная журналистика», содержит концепт «ПАРАДОКС», фрейм «культурная репрезентация» и модель действия «репрезентация», значимые для реконструкции медиакультурной модели мира.",metadata_only,assisted_draft
cultj_018,Русский код: как культура стала приоритетом,REGNUM,federal_media,,,https://regnum.ru/article/4027101,2026-06-01,cultural_journalism,analysis,long,,technologies;culture_and_memory,"Материал из раздела «Культурная журналистика», содержит концепт «ПРИОРИТЕТ», фрейм «государственная культурная политика» и модель действия «поддержка», значимые для реконструкции медиакультурной модели мира.",metadata_only,assisted_draft
cultj_019,Почему классика должна сопровождать детвору,Российская газета,official_source,,2024,https://rg.ru/2024/09/12/preliudii-narodnoj-liubvi.html,2026-06-01,cultural_journalism,essay,long,,culture_and_memory;literary_canon,"Материал из раздела «Культурная журналистика», содержит концепт «КАНОН», фрейм «классическое образование» и модель действия «просвещение», значимые для реконструкции медиакультурной модели мира.",metadata_only,assisted_draft
cultj_020,Кустурица: Русская культура — мой аргумент в споре с Европой,Российская газета,official_source,,2024,https://rg.ru/2024/10/31/emir-kusturica-russkaia-kultura-moj-argument-v-spore-s-evropoj.html,2026-06-01,cultural_journalism,interview,long,,culture_and_memory,"Материал из раздела «Культурная журналистика», содержит концепт «АРГУМЕНТ», фрейм «культурная дипломатия» и модель действия «диалог», значимые для реконструкции медиакультурной модели мира.",metadata_only,assisted_draft
cultj_021,В Бразилии обсудят слово Толстого в современном мире,Российская газета,official_source,,2025,https://rg.ru/2025/03/21/v-brazilii-obsudiat-slovo-tolstogo-v-sovremennom-mire.html,2026-06-01,cultural_journalism,news,long,,technologies;culture_and_memory,"Материал из раздела «Культурная журналистика», содержит концепт «СЛОВО», фрейм «международная рецепция классики» и модель действия «популяризация», значимые для реконструкции медиакультурной модели мира.",metadata_only,assisted_draft
cultj_022,Современность из архива,Независимая газета,federal_media,,,https://www.ng.ru/culture/2024-11-17/6_9136_history.html,2026-06-01,cultural_journalism,review,long,,state_and_society,"Материал из раздела «Культурная журналистика», содержит концепт «АРХИВ», фрейм «современное искусство и память» и модель действия «исследование», значимые для реконструкции медиакультурной модели мира.",metadata_only,assisted_draft
cultj_023,Пять книг недели: «Русская классика в зеркале андеграунда»,Независимая газета,federal_media,,,https://www.ng.ru/ng_exlibris/2024-06-19/9_1227_5books.html,2026-06-01,cultural_journalism,review,long,,culture_and_memory;literary_canon,"Материал из раздела «Культурная журналистика», содержит концепт «КНИГА», фрейм «литературная критика» и модель действия «оценка», значимые для реконструкции медиакультурной модели мира.",metadata_only,assisted_draft
cultj_024,Формула допетровской Руси,Независимая газета,federal_media,,,https://www.ng.ru/culture/2024-01-29/8_8934_exhibition.html,2026-06-01,cultural_journalism,review,long,,economy_and_labor;culture_and_memory,"Материал из раздела «Культурная журналистика», содержит концепт «РУСЬ», фрейм «историческая рецепция» и модель действия «осмысление», значимые для реконструкции медиакультурной модели мира.",metadata_only,assisted_draft
cultj_025,Докер 2024: главные фильмы,Коммерсантъ,business_media,,,https://www.kommersant.ru/doc/6917302,2026-06-01,cultural_journalism,other,long,,state_and_society,"Материал из раздела «Культурная журналистика», содержит концепт «ДОКУМЕНТ», фрейм «документальное кино» и модель действия «свидетельствование», значимые для реконструкции медиакультурной модели мира.",metadata_only,assisted_draft
cultj_026,Рецензия на фильм «Кандинский и его муза»,Коммерсантъ,business_media,,,https://www.kommersant.ru/doc/7310242,2026-06-01,cultural_journalism,other,long,,state_and_society,"Материал из раздела «Культурная журналистика», содержит концепт «ВДОХНОВЕНИЕ», фрейм «творческая биография» и модель действия «осмысление», значимые для реконструкции медиакультурной модели мира.",metadata_only,assisted_draft
cultj_027,"Театральный обман, пейзажи, натюрморты и китч",РБК Стиль,cultural_media,,,https://style.rbc.ru/impressions/674963ca9a7947680c95c203,2026-06-01,cultural_journalism,other,long,,technologies;culture_and_memory,"Материал из раздела «Культурная журналистика», содержит концепт «РАЗНООБРАЗИЕ», фрейм «культурная панорама» и модель действия «обзор», значимые для реконструкции медиакультурной модели мира.",metadata_only,assisted_draft
cultj_028,"Булатов, Моне и передвижники: выставки в музеях РФ 2024",Forbes Russia,business_media,,,https://www.forbes.ru/forbeslife/503555-bulatov-mone-i-peredvizniki,2026-06-01,cultural_journalism,other,long,,economy_and_labor;culture_and_memory,"Материал из раздела «Культурная журналистика», содержит концепт «АНОНС», фрейм «музейный сезон» и модель действия «подготовка», значимые для реконструкции медиакультурной модели мира.",metadata_only,assisted_draft
cultj_029,Главный интерес к русской литературе в мире ещё впереди,REGNUM,federal_media,,,https://regnum.ru/article/3858059,2026-06-01,cultural_journalism,other,long,,technologies;culture_and_memory,"Материал из раздела «Культурная журналистика», содержит концепт «БУДУЩЕЕ», фрейм «литературная перспектива» и модель действия «прогноз», значимые для реконструкции медиакультурной модели мира.",metadata_only,assisted_draft
cultj_030,Герои в комиксах и татуировки: как художники рассказывают о войне,REGNUM,federal_media,,,https://regnum.ru/article/3866181,2026-06-01,cultural_journalism,other,long,,culture_and_memory,"Материал из раздела «Культурная журналистика», содержит концепт «ВОЙНА», фрейм «художественная репрезентация войны» и модель действия «осмысление», значимые для реконструкции медиакультурной модели мира.",metadata_only,assisted_draft
popsci_001,Нобелевскую премию по физике присудили за машинное обучение,N+1,science_media,,2024,https://nplus1.ru/news/2024/10/08/phys-nobel-2024,2026-06-01,popular_science,other,long,,technologies,"Материал из раздела «Научно-популярные тексты», содержит концепт «ПРОРЫВ», фрейм «научное признание ИИ» и модель действия «популяризация», значимые для реконструкции медиакультурной модели мира.",metadata_only,assisted_draft
popsci_002,Магнетизм нейросетей: физика нейросетей,N+1,science_media,,2024,https://nplus1.ru/material/2024/10/09/physics-of-neural-networks-2024,2026-06-01,popular_science,other,long,,technologies,"Материал из раздела «Научно-популярные тексты», содержит концепт «ФИЗИКА», фрейм «физическое обоснование ИИ» и модель действия «объяснение», значимые для реконструкции медиакультурной модели мира.",metadata_only,assisted_draft
popsci_003,Магистры AI: как достичь баланса,N+1,science_media,,2024,https://nplus1.ru/material/2024/10/24/ai-masters,2026-06-01,popular_science,other,long,,technologies;education_and_science,"Материал из раздела «Научно-популярные тексты», содержит концепт «БАЛАНС», фрейм «подготовка ИИ-кадров» и модель действия «подготовка», значимые для реконструкции медиакультурной модели мира.",metadata_only,assisted_draft
popsci_004,"Глубина, я не твой: на что способен Deep Research",N+1,science_media,,2025,https://nplus1.ru/blog/2025/04/11/deep-research,2026-06-01,popular_science,other,long,,technologies,"Материал из раздела «Научно-популярные тексты», содержит концепт «ГЛУБИНА», фрейм «инструментальное исследование» и модель действия «исследование», значимые для реконструкции медиакультурной модели мира.",metadata_only,assisted_draft
popsci_005,Почему мы очеловечиваем ИИ,N+1,science_media,,2026,https://nplus1.ru/blog/2026/05/22/ai-anthropomorphization,2026-06-01,popular_science,other,long,,technologies,"Материал из раздела «Научно-популярные тексты», содержит концепт «АНТРОПОМОРФИЗМ», фрейм «психологическая проекция» и модель действия «осознание», значимые для реконструкции медиакультурной модели мира.",metadata_only,assisted_draft
popsci_006,Самые примечательные научные открытия 2024 года,Хабр,science_media,,,https://habr.com/ru/companies/onlinepatent/articles/870626,2026-06-01,popular_science,other,long,,state_and_society,"Материал из раздела «Научно-популярные тексты», содержит концепт «ОТКРЫТИЕ», фрейм «научный прогресс» и модель действия «популяризация», значимые для реконструкции медиакультурной модели мира.",metadata_only,assisted_draft
popsci_007,Искусственный интеллект в 2025 году: что происходит на самом деле,Хабр,science_media,,,https://habr.com/ru/articles/902602,2026-06-01,popular_science,other,long,,technologies;culture_and_memory,"Материал из раздела «Научно-популярные тексты», содержит концепт «РЕАЛЬНОСТЬ», фрейм «тренды ИИ» и модель действия «анализ», значимые для реконструкции медиакультурной модели мира.",metadata_only,assisted_draft
popsci_008,"Нейрокоммуникаторы, нейроконтроллеры, нейропротезы",ПостНаука,science_media,,,https://postnauka.ru/tv/22767,2026-06-01,popular_science,other,long,,state_and_society,"Материал из раздела «Научно-популярные тексты», содержит концепт «НЕЙРОИНТЕРФЕЙС», фрейм «нейротехнология» и модель действия «развитие», значимые для реконструкции медиакультурной модели мира.",metadata_only,assisted_draft
popsci_009,Дубынин: «Если нет тигра за углом…»,ПостНаука,science_media,,,https://postnauka.ru/talks/154889,2026-06-01,popular_science,other,long,,state_and_society,"Материал из раздела «Научно-популярные тексты», содержит концепт «СТРЕСС», фрейм «нейробиология стресса» и модель действия «осознание», значимые для реконструкции медиакультурной модели мира.",metadata_only,assisted_draft
popsci_010,Главные новости науки в 2024 году,Неизвестный источник,other,,,https://elementy.ru/video/927/Evgeniy_Plisov_glavnye_novosti_nauki_v_2024_godu,2026-06-01,popular_science,other,long,,education_and_science,"Материал из раздела «Научно-популярные тексты», содержит концепт «ИТОГ», фрейм «научный год» и модель действия «обзор», значимые для реконструкции медиакультурной модели мира.",metadata_only,assisted_draft
popsci_011,Итоги 2024 года в физике,Неизвестный источник,other,,,https://elementy.ru/video/919/Itogi_2024_goda_v_fizike,2026-06-01,popular_science,other,long,,technologies,"Материал из раздела «Научно-популярные тексты», содержит концепт «ФИЗИКА», фрейм «физические открытия» и модель действия «обзор», значимые для реконструкции медиакультурной модели мира.",metadata_only,assisted_draft
popsci_012,Хит-парад «Биомолекулы» 2024,Неизвестный источник,other,,,https://biomolecula.ru/articles/khit-parad-biomolekuly-2024,2026-06-01,popular_science,other,long,,technologies,"Материал из раздела «Научно-популярные тексты», содержит концепт «БИОЛОГИЯ», фрейм «молекулярная биология» и модель действия «популяризация», значимые для реконструкции медиакультурной модели мира.",metadata_only,assisted_draft
popsci_013,МикроРНК с огромным влиянием: Нобелевская премия по медицине 2024,Неизвестный источник,other,,,https://biomolecula.ru/articles/mikrornk-s-ogromnym-vliianiem,2026-06-01,popular_science,other,long,,state_and_society,"Материал из раздела «Научно-популярные тексты», содержит концепт «ПРЕМИЯ», фрейм «научное признание» и модель действия «популяризация», значимые для реконструкции медиакультурной модели мира.",metadata_only,assisted_draft
popsci_014,Профессор СПбПУ дал прогноз о развитии «цифровой Арктики»,РИА Новости,agency,,,https://ria.ru/20260119/nauka-2068347427.html,2026-06-01,popular_science,other,long,,technologies;future_models,"Материал из раздела «Научно-популярные тексты», содержит концепт «АРКТИКА», фрейм «цифровизация региона» и модель действия «развитие», значимые для реконструкции медиакультурной модели мира.",metadata_only,assisted_draft
popsci_015,Российские учёные отправили в стратосферу крыс с нейроинтерфейсами,РИА Новости,agency,,,https://ria.ru/20250625/uchenye-2025243144.html,2026-06-01,popular_science,other,long,,state_and_society,"Материал из раздела «Научно-популярные тексты», содержит концепт «ЭКСПЕРИМЕНТ», фрейм «нейробиологический прорыв» и модель действия «исследование», значимые для реконструкции медиакультурной модели мира.",metadata_only,assisted_draft
popsci_016,Искусственный интеллект и лунные миссии: как наука будет развиваться,ТАСС,agency,,,https://tass.ru/nauka/19632657,2026-06-01,popular_science,other,long,,technologies;education_and_science;culture_and_memory,"Материал из раздела «Научно-популярные тексты», содержит концепт «КОСМОС», фрейм «научные тренды» и модель действия «исследование», значимые для реконструкции медиакультурной модели мира.",metadata_only,assisted_draft
popsci_017,Город инноваций: робот-хирург в Петербурге,ТАСС,agency,,,https://tass.ru/v-strane/20083087,2026-06-01,popular_science,other,long,,state_and_society,"Материал из раздела «Научно-популярные тексты», содержит концепт «МЕДИЦИНА», фрейм «технологическая революция» и модель действия «инновация», значимые для реконструкции медиакультурной модели мира.",metadata_only,assisted_draft
popsci_018,Технологиям потребовались смыслы,Коммерсантъ,business_media,,,https://www.kommersant.ru/doc/6746758,2026-06-01,popular_science,other,long,,technologies,"Материал из раздела «Научно-популярные тексты», содержит концепт «СМЫСЛ», фрейм «технологическая этика» и модель действия «осмысление», значимые для реконструкции медиакультурной модели мира.",metadata_only,assisted_draft
popsci_019,Вузы перейдут на новую систему образования с 2026 года,Неизвестный источник,other,,,https://mel.fm/novosti/4863591-rossyskiye-vuzy-pereydut-na-novuyu-sistemu-obrazovaniya,2026-06-01,popular_science,other,long,,technologies;education_and_science,"Материал из раздела «Научно-популярные тексты», содержит концепт «РЕФОРМА», фрейм «образовательная трансформация» и модель действия «реализация», значимые для реконструкции медиакультурной модели мира.",metadata_only,assisted_draft
popsci_020,SciNat: эпигенетическое редактирование генома,Неизвестный источник,other,,,https://biomolecula.ru/articles/scinat-za-mart-2024-1,2026-06-01,popular_science,other,long,,state_and_society,"Материал из раздела «Научно-популярные тексты», содержит концепт «ГЕНОМ», фрейм «генная инженерия» и модель действия «исследование», значимые для реконструкции медиакультурной модели мира.",metadata_only,assisted_draft
reg_001,Новые объекты в Волгограде в 2025 году,Неизвестный источник,other,,,https://gorvesti.ru/text/zhizn-stala-komfortnee-kakie-novye-obekty-poyavilis-v-volgograde-v-2025-godu-214614.html,2026-06-01,regional,other,medium,не указан,regional_development,"Материал из раздела «Региональные медиа», содержит концепт «КОМФОРТ», фрейм «городское развитие» и модель действия «благоустройство», значимые для реконструкции медиакультурной модели мира.",metadata_only,assisted_draft
reg_002,Турпоток вырос на 10% в Волгоградской области,Неизвестный источник,other,,,https://gorvesti.ru/society/21-milliona-chelovek-posetili-volgogradskuyu-oblast-v-2025-godu-215499.html,2026-06-01,regional,other,medium,не указан,regional_development,"Материал из раздела «Региональные медиа», содержит концепт «ТУРИЗМ», фрейм «региональная привлекательность» и модель действия «привлечение», значимые для реконструкции медиакультурной модели мира.",metadata_only,assisted_draft
reg_003,Волгоград переименуют в Сталинград 2 февраля,Неизвестный источник,other,,,https://gorvesti.ru/society/volgograd-pereimenuyut-v-stalingrad-2-fevralya-217217.html,2026-06-01,regional,other,medium,не указан,culture_and_memory;regional_development,"Материал из раздела «Региональные медиа», содержит концепт «ПАМЯТЬ», фрейм «историческая символика» и модель действия «чествование», значимые для реконструкции медиакультурной модели мира.",metadata_only,assisted_draft
reg_004,Турпоток в Крым вырос на 70% в 2025 году,Неизвестный источник,other,,,https://c-pravda.ru/news/2025-12-23/turpotok-v-krym-v-2025-godu-pokazal-rekordnyjj-rost-pochti-na-70,2026-06-01,regional,other,medium,не указан,regional_development,"Материал из раздела «Региональные медиа», содержит концепт «РОСТ», фрейм «региональное развитие» и модель действия «развитие», значимые для реконструкции медиакультурной модели мира.",metadata_only,assisted_draft
reg_005,70 новых амбулаторий и ФАПов в Крыму,Неизвестный источник,other,,,https://c-pravda.ru/news/2026-02-17/bolee-70-novykh-ambulatorijj-i-fapov-postroili-v-krymu-v-2025-godu,2026-06-01,regional,other,medium,не указан,regional_development,"Материал из раздела «Региональные медиа», содержит концепт «ЗДОРОВЬЕ», фрейм «медицинская инфраструктура» и модель действия «строительство», значимые для реконструкции медиакультурной модели мира.",metadata_only,assisted_draft
reg_006,Что не так с кремлевской идеей сибиризации,Неизвестный источник,other,,,https://www.svoboda.org/a/territoriya-sama-po-sebe-nikomu-ne-nuzhna/33649804.html,2026-06-01,regional,other,medium,не указан,technologies;regional_development,"Материал из раздела «Региональные медиа», содержит концепт «СИБИРЬ», фрейм «депопуляция регионов» и модель действия «сохранение», значимые для реконструкции медиакультурной модели мира.",metadata_only,assisted_draft
reg_007,"Российских зэков избивают, вынуждая заключать контракты",Неизвестный источник,other,,,https://www.svoboda.org/a/ochen-nuzhno-myaso/33459897.html,2026-06-01,regional,other,medium,не указан,regional_development,"Материал из раздела «Региональные медиа», содержит концепт «НАСИЛИЕ», фрейм «принуждение к службе» и модель действия «расследование», значимые для реконструкции медиакультурной модели мира.",metadata_only,assisted_draft
reg_008,Жительниц юга России лишают свободы,Неизвестный источник,other,,,https://www.kavkazr.com/a/33756590.html,2026-06-01,regional,other,medium,не указан,technologies;regional_development,"Материал из раздела «Региональные медиа», содержит концепт «ПРАВО», фрейм «гендерное неравенство» и модель действия «защита», значимые для реконструкции медиакультурной модели мира.",metadata_only,assisted_draft
reg_009,Фонд Кадырова отчитался о долгах и сокращении активов,Неизвестный источник,other,,,https://www.kavkazr.com/a/kazna-pusteet-fond-kadyrova/33345150.html,2026-06-01,regional,other,medium,не указан,technologies;regional_development,"Материал из раздела «Региональные медиа», содержит концепт «БЮДЖЕТ», фрейм «финансовый кризис региона» и модель действия «мониторинг», значимые для реконструкции медиакультурной модели мира.",metadata_only,assisted_draft
reg_010,Чуда не будет: ситуация на Северном Кавказе в докладе для ООН,Неизвестный источник,other,,,https://www.kavkazr.com/a/chuda-ne-budet/33540635.html,2026-06-01,regional,other,medium,не указан,technologies;regional_development;international_agenda,"Материал из раздела «Региональные медиа», содержит концепт «ДОКЛАД», фрейм «правозащитная оценка» и модель действия «оценка», значимые для реконструкции медиакультурной модели мира.",metadata_only,assisted_draft
reg_011,За что арестован философ Зюзев из Коми,Неизвестный источник,other,,,https://www.severreal.org/a/nastoyaschiy-komi-muzhik-gordost-naroda/33546202.html,2026-06-01,regional,other,medium,не указан,regional_development,"Материал из раздела «Региональные медиа», содержит концепт «СВОБОДА», фрейм «преследование инакомыслящих» и модель действия «солидарность», значимые для реконструкции медиакультурной модели мира.",metadata_only,assisted_draft
reg_012,Глава Коми Уйба ушел в отставку,Неизвестный источник,other,,,https://www.severreal.org/a/glava-komi-uyba-ushel-v-otstavku/33176020.html,2026-06-01,regional,other,medium,не указан,state_and_society;economy_and_labor;technologies;regional_development,"Материал из раздела «Региональные медиа», содержит концепт «ОТСТАВКА», фрейм «политическая ротация» и модель действия «замена», значимые для реконструкции медиакультурной модели мира.",metadata_only,assisted_draft
reg_013,Бюджет Тюмени 2025 исполнен без дефицита,Неизвестный источник,other,,,https://t-l.ru/401601.html,2026-06-01,regional,other,medium,не указан,economy_and_labor;technologies;regional_development,"Материал из раздела «Региональные медиа», содержит концепт «БАЛАНС», фрейм «финансовая устойчивость» и модель действия «управление», значимые для реконструкции медиакультурной модели мира.",metadata_only,assisted_draft
reg_014,В Тюмени стартовал цифровой форум «Инфотех»,Неизвестный источник,other,,,https://t-l.ru/389862.html,2026-06-01,regional,other,medium,не указан,technologies;regional_development,"Материал из раздела «Региональные медиа», содержит концепт «ТЕХНОЛОГИЯ», фрейм «цифровое развитие региона» и модель действия «развитие», значимые для реконструкции медиакультурной модели мира.",metadata_only,assisted_draft
reg_015,Индекс промышленного производства в Якутии — 100%,Неизвестный источник,other,,,https://ysia.ru/v-2025-godu-indeks-promyshlennogo-proizvodstva-v-yakutii-sostavil-100,2026-06-01,regional,other,medium,не указан,technologies;regional_development,"Материал из раздела «Региональные медиа», содержит концепт «СТАБИЛЬНОСТЬ», фрейм «промышленное развитие» и модель действия «мониторинг», значимые для реконструкции медиакультурной модели мира.",metadata_only,assisted_draft
reg_016,41 социальный объект в Якутии в 2025 году,Неизвестный источник,other,,,https://ysia.ru/41-sotsialnyj-obekt-planiruyut-vvesti-v-yakutii-v-2025-godu,2026-06-01,regional,other,medium,не указан,technologies;regional_development,"Материал из раздела «Региональные медиа», содержит концепт «СТРОИТЕЛЬСТВО», фрейм «социальная инфраструктура» и модель действия «строительство», значимые для реконструкции медиакультурной модели мира.",metadata_only,assisted_draft
reg_017,Топ-10 культурных событий в Башкирии за 2024,Неизвестный источник,other,,,https://www.bashinform.ru/news/culture/2025-01-09/top-10-kulturnyh-sobytiy-v-bashkirii-za-2024-god-4070995,2026-06-01,regional,other,medium,не указан,technologies;culture_and_memory;regional_development,"Материал из раздела «Региональные медиа», содержит концепт «КУЛЬТУРА», фрейм «региональная культурная жизнь» и модель действия «популяризация», значимые для реконструкции медиакультурной модели мира.",metadata_only,assisted_draft
reg_018,Экономические итоги 2025 года в Якутии,Неизвестный источник,other,,,https://yakutia.info/article/214721,2026-06-01,regional,other,medium,не указан,technologies;regional_development,"Материал из раздела «Региональные медиа», содержит концепт «ИТОГ», фрейм «экономическая оценка региона» и модель действия «диагностика», значимые для реконструкции медиакультурной модели мира.",metadata_only,assisted_draft
reg_019,Жители Екатеринбурга оценили работу властей,Российская газета,official_source,,,https://www.ekburg.ru/news/2/97278-zhiteli-ekaterinburga-otsenili-rabotu-gorodskikh-vlastey,2026-06-01,regional,other,medium,не указан,technologies;regional_development,"Материал из раздела «Региональные медиа», содержит концепт «ОЦЕНКА», фрейм «городское управление» и модель действия «мониторинг», значимые для реконструкции медиакультурной модели мира.",metadata_only,assisted_draft
reg_020,Финансовая грамотность для всех в Крыму,Неизвестный источник,other,,,https://c-pravda.ru/news/2025-02-12/finansovaya-gramotnost-dlya-vsekh,2026-06-01,regional,other,medium,не указан,technologies;education_and_science;regional_development,"Материал из раздела «Региональные медиа», содержит концепт «ГРАМОТНОСТЬ», фрейм «финансовое просвещение» и модель действия «просвещение», значимые для реконструкции медиакультурной модели мира.",metadata_only,assisted_draft
canon_001,Чехов и конец русского классического реализма,Неизвестный источник,other,,,https://lgz.ru/article/anton-chekhov-i-konets-russkogo-klassicheskogo-realizma,2026-06-01,canonical_layer,other,deep,,technologies;culture_and_memory;literary_canon,"Материал из раздела «Литературный канон», содержит концепт «РЕАЛИЗМ», фрейм «эпохальная трансформация» и модель действия «осмысление», значимые для реконструкции медиакультурной модели мира.",metadata_only,assisted_draft
canon_002,Сто лет на классику,Неизвестный источник,other,,,https://lgz.ru/article/sto-let-na-klassiku,2026-06-01,canonical_layer,other,deep,,technologies;culture_and_memory;literary_canon,"Материал из раздела «Литературный канон», содержит концепт «КАНОН», фрейм «литературная преемственность» и модель действия «сохранение», значимые для реконструкции медиакультурной модели мира.",metadata_only,assisted_draft
canon_003,Другие Зощенко: к 130-летию,Неизвестный источник,other,,,https://lgz.ru/article/drugie-zoshchenko,2026-06-01,canonical_layer,other,deep,,technologies;culture_and_memory;literary_canon,"Материал из раздела «Литературный канон», содержит концепт «НАСЛЕДИЕ», фрейм «литературный юбилей» и модель действия «чествование», значимые для реконструкции медиакультурной модели мира.",metadata_only,assisted_draft
canon_004,Тоска по осмысленной жизни: о «вредном» Достоевском,Неизвестный источник,other,,,https://lgz.ru/article/toska-po-osmyslennoy-zhizni,2026-06-01,canonical_layer,other,deep,,culture_and_memory;literary_canon,"Материал из раздела «Литературный канон», содержит концепт «СМЫСЛ», фрейм «экзистенциальная проблематика» и модель действия «осмысление», значимые для реконструкции медиакультурной модели мира.",metadata_only,assisted_draft
canon_005,Булгаков в приоритете: рейтинг продаж классиков,Неизвестный источник,other,,,https://lgz.ru/article/bulgakov-v-prioritete,2026-06-01,canonical_layer,other,deep,,technologies;culture_and_memory;literary_canon,"Материал из раздела «Литературный канон», содержит концепт «ПОПУЛЯРНОСТЬ», фрейм «читательский выбор» и модель действия «анализ», значимые для реконструкции медиакультурной модели мира.",metadata_only,assisted_draft
canon_006,Толстой и Достоевский: монография,Неизвестный источник,other,,,https://voplit.ru/article/tolstoj-i-dostoevskij,2026-06-01,canonical_layer,other,deep,,technologies;culture_and_memory;literary_canon,"Материал из раздела «Литературный канон», содержит концепт «ДУАЛИЗМ», фрейм «классическая оппозиция» и модель действия «осмысление», значимые для реконструкции медиакультурной модели мира.",metadata_only,assisted_draft
canon_007,"Вера и неверие: Достоевский, Толстой, Чехов",Неизвестный источник,other,,,https://voplit.ru/article/vera-i-neverie-dostoevskij-tolstoj-chehov-i-drugie,2026-06-01,canonical_layer,other,deep,,technologies;culture_and_memory;literary_canon,"Материал из раздела «Литературный канон», содержит концепт «ВЕРА», фрейм «религиозно-философские мотивы» и модель действия «исследование», значимые для реконструкции медиакультурной модели мира.",metadata_only,assisted_draft
canon_008,Подтексты Пушкинского праздника 1880 года,Неизвестный источник,other,,,https://voplit.ru/article/turgenev-tolstoj-dostoevskij-podteksty-pushkinskogo-prazdnika-1880-goda,2026-06-01,canonical_layer,other,deep,,technologies;culture_and_memory;literary_canon,"Материал из раздела «Литературный канон», содержит концепт «ПРАЗДНИК», фрейм «литературно-политический контекст» и модель действия «исследование», значимые для реконструкции медиакультурной модели мира.",metadata_only,assisted_draft
canon_009,Возвращение к Шаламову,Неизвестный источник,other,,,https://voplit.ru/article/vozvrashhenie-k-shalamovu,2026-06-01,canonical_layer,other,deep,,technologies;culture_and_memory;literary_canon,"Материал из раздела «Литературный канон», содержит концепт «ВОЗВРАЩЕНИЕ», фрейм «литературная реабилитация» и модель действия «восстановление», значимые для реконструкции медиакультурной модели мира.",metadata_only,assisted_draft
canon_010,"Речевой лидер: Толстой, Пушкин, Достоевский, Гоголь",Неизвестный источник,other,,2025,https://nm1925.ru/articles/2025/1-2025/rechevoy-lider,2026-06-01,canonical_layer,other,deep,,technologies;culture_and_memory;literary_canon,"Материал из раздела «Литературный канон», содержит концепт «ЛИДЕРСТВО», фрейм «речевое влияние классиков» и модель действия «осмысление», значимые для реконструкции медиакультурной модели мира.",metadata_only,assisted_draft
canon_011,Периодика: обсуждение русской классики,Неизвестный источник,other,,2024,https://nm1925.ru/articles/2024/1-2024/periodika-1-2024,2026-06-01,canonical_layer,other,deep,,technologies;culture_and_memory;literary_canon,"Материал из раздела «Литературный канон», содержит концепт «ОБСУЖДЕНИЕ», фрейм «литературная рефлексия» и модель действия «обсуждение», значимые для реконструкции медиакультурной модели мира.",metadata_only,assisted_draft
canon_012,Преодолевая страх: переосмысление классики,Неизвестный источник,other,,,https://znamlit.ru/publication.php?id=9257,2026-06-01,canonical_layer,other,deep,,technologies;culture_and_memory;literary_canon,"Материал из раздела «Литературный канон», содержит концепт «СТРАХ», фрейм «неклассическая рецепция» и модель действия «переосмысление», значимые для реконструкции медиакультурной модели мира.",metadata_only,assisted_draft
canon_013,Молодые критики о литературе,Неизвестный источник,other,,,https://znamlit.ru/publication.php?id=8901,2026-06-01,canonical_layer,other,deep,,technologies;culture_and_memory;literary_canon,"Материал из раздела «Литературный канон», содержит концепт «НОВОЕ», фрейм «поколенческий взгляд» и модель действия «дискуссия», значимые для реконструкции медиакультурной модели мира.",metadata_only,assisted_draft
canon_014,Первые толстяки: к 100-летию журналов,Неизвестный источник,other,,,https://znamlit.ru/publication.php?id=8900,2026-06-01,canonical_layer,other,deep,,technologies;culture_and_memory;literary_canon,"Материал из раздела «Литературный канон», содержит концепт «ТРАДИЦИЯ», фрейм «история толстых журналов» и модель действия «сохранение», значимые для реконструкции медиакультурной модели мира.",metadata_only,assisted_draft
canon_015,О чем говорят слова 2024 года,Неизвестный источник,other,,,https://gramota.ru/journal/novosti-i-sobytiya/o-chem-govoryat-slova-2024-goda,2026-06-01,canonical_layer,other,deep,,state_and_society,"Материал из раздела «Литературный канон», содержит концепт «СЛОВО», фрейм «языковая динамика» и модель действия «наблюдение», значимые для реконструкции медиакультурной модели мира.",metadata_only,assisted_draft
canon_016,Популярные слова года: 11 эскизов к портретам,Неизвестный источник,other,,,https://gramota.ru/journal/stati/zhizn-yazyka/chto-my-znaem-o-populyarnykh-slovakh-goda,2026-06-01,canonical_layer,other,deep,,state_and_society,"Материал из раздела «Литературный канон», содержит концепт «СЛОВО ГОДА», фрейм «лексикографическая оценка» и модель действия «анализ», значимые для реконструкции медиакультурной модели мира.",metadata_only,assisted_draft
canon_017,Новое в метасловаре Грамоты: лексикографические описания,Неизвестный источник,other,,,https://gramota.ru/journal/stati/nauka/novoe-v-metaslovare-gramoty,2026-06-01,canonical_layer,other,deep,,state_and_society,"Материал из раздела «Литературный канон», содержит концепт «СЛОВАРЬ», фрейм «лексикографическая практика» и модель действия «описание», значимые для реконструкции медиакультурной модели мира.",metadata_only,assisted_draft
canon_018,Русская речь. 2024. №5: Гоголь и пушкинский ямб,Неизвестный источник,other,,,https://russkayarech.ru/ru/archive/2024-5,2026-06-01,canonical_layer,other,deep,,literary_canon,"Материал из раздела «Литературный канон», содержит концепт «ФОРМА», фрейм «литературный анализ» и модель действия «анализ», значимые для реконструкции медиакультурной модели мира.",metadata_only,assisted_draft
canon_019,Русская речь. 2024. №4: Национальный словарный фонд,Неизвестный источник,other,,,https://russkayarech.ru/ru/archive/2024-4,2026-06-01,canonical_layer,other,deep,,state_and_society,"Материал из раздела «Литературный канон», содержит концепт «ФОНД», фрейм «лексическое наследие» и модель действия «сохранение», значимые для реконструкции медиакультурной модели мира.",metadata_only,assisted_draft
canon_020,Содержание «Нового мира» за 2024 год,Неизвестный источник,other,,,https://nm1925.ru/journal-archive/year-content/2024,2026-06-01,canonical_layer,other,deep,,technologies;culture_and_memory;literary_canon,"Материал из раздела «Литературный канон», содержит концепт «ГОД», фрейм «литературная панорама» и модель действия «обзор», значимые для реконструкции медиакультурной модели мира.",metadata_only,assisted_draft
news_040,Власти начали готовить план по борьбе с ростом цен,Лента.ру,federal_media,,2024,https://lenta.ru/news/2024/08/29/fight,2026-06-01,news,other,fast,,state_and_society;technologies,"Материал из раздела «Новости», содержит концепт «БОРЬБА», фрейм «ценовой контроль» и модель действия «регулирование», значимые для реконструкции медиакультурной модели мира.",metadata_only,assisted_draft
analyt_028,Стратегия адаптации экономики к новым условиям,Ведомости,business_media,,2025,https://www.vedomosti.ru/analytics/krupnyy_plan/articles/2025/06/15/1130458-strategiya-adaptacii-ekonomiki,2026-06-01,analytics,other,medium,,economy_and_labor;technologies,"Материал из раздела «Аналитика», содержит концепт «АДАПТАЦИЯ», фрейм «структурная трансформация» и модель действия «адаптация», значимые для реконструкции медиакультурной модели мира.",metadata_only,assisted_draft
analyt_029,Экономическая стратегия 2026: приоритеты развития,Эксперт,business_media,,2025,https://expert.ru/expertise/2025/ekonomicheskaya-strategiya-2026,2026-06-01,analytics,other,medium,,technologies,"Материал из раздела «Аналитика», содержит концепт «СТРАТЕГИЯ», фрейм «стратегическое планирование» и модель действия «планирование», значимые для реконструкции медиакультурной модели мира.",metadata_only,assisted_draft
analyt_030,Региональные инвестиционные проекты: новые приоритеты,Коммерсантъ,business_media,,,https://www.kommersant.ru/doc/8601234,2026-06-01,analytics,other,medium,,economy_and_labor;technologies;regional_development,"Материал из раздела «Аналитика», содержит концепт «ИНВЕСТИЦИЯ», фрейм «инвестиционная переориентация» и модель действия «инвестирование», значимые для реконструкции медиакультурной модели мира.",metadata_only,assisted_draft
intvw_018,Резин: космическая программа России на 2026 год,ТАСС,agency,,,https://tass.ru/interviews/27350123,2026-06-01,interview,other,medium,,technologies;education_and_science,"Материал из раздела «Интервью», содержит концепт «КОСМОС», фрейм «космическая программа» и модель действия «развитие», значимые для реконструкции медиакультурной модели мира.",metadata_only,assisted_draft
intvw_019,Главный экономист ВТБ о перспективах роста,РБК,business_media,,2025,https://www.rbc.ru/interviews/15/03/2025/6875a3c29a7947b0e2a18f01,2026-06-01,interview,interview,medium,,state_and_society,"Материал из раздела «Интервью», содержит концепт «РОСТ», фрейм «экономическая динамика» и модель действия «анализ», значимые для реконструкции медиакультурной модели мира.",metadata_only,assisted_draft
intvw_020,Селезнёв — Forbes: Как ИИ меняет медицину,Forbes Russia,business_media,,,https://www.forbes.ru/rubriki-kanaly/video/562001-andrey-seleznev-forbes,2026-06-01,interview,interview,medium,,technologies,"Материал из раздела «Интервью», содержит концепт «МЕДИЦИНА», фрейм «цифровая трансформация здравоохранения» и модель действия «внедрение», значимые для реконструкции медиакультурной модели мира.",metadata_only,assisted_draft
opin_013,Как изменилась роль эксперта в публичном пространстве,Ведомости,business_media,,2025,https://www.vedomosti.ru/opinion/columns/2025/09/15/1145550-kak-izmenilas-rol-eksperta,2026-06-01,opinion,other,medium,,state_and_society,"Материал из раздела «Колонки / публицистика», содержит концепт «ЭКСПЕРТИЗА», фрейм «трансформация публичной экспертизы» и модель действия «рефлексия», значимые для реконструкции медиакультурной модели мира.",metadata_only,assisted_draft
opin_014,Грамотность в эпоху нейросетей: что мы теряем,Сноб,cultural_media,,,https://snob.ru/entry/3120010,2026-06-01,opinion,other,medium,,technologies,"Материал из раздела «Колонки / публицистика», содержит концепт «ГРАМОТНОСТЬ», фрейм «трансформация языковой культуры» и модель действия «наблюдение», значимые для реконструкции медиакультурной модели мира.",metadata_only,assisted_draft
opin_015,Новая культурная политика: от идеологии к практике,Коммерсантъ,business_media,,,https://www.kommersant.ru/doc/8499021,2026-06-01,opinion,other,medium,,state_and_society;technologies;culture_and_memory,"Материал из раздела «Колонки / публицистика», содержит концепт «КУЛЬТУРНАЯ ПОЛИТИКА», фрейм «государство и культура» и модель действия «регулирование», значимые для реконструкции медиакультурной модели мира.",metadata_only,assisted_draft
opin_016,Архитектура безопасности: новые вызовы и ответы,НВО — Независимая газета,federal_media,,,https://nvo.ng.ru/ideas/2025-10-15/3_9398_ideas.html,2026-06-01,opinion,other,medium,,technologies;health_and_security,"Материал из раздела «Колонки / публицистика», содержит концепт «БЕЗОПАСНОСТЬ», фрейм «архитектура безопасности» и модель действия «регулирование», значимые для реконструкции медиакультурной модели мира.",metadata_only,assisted_draft
opin_017,О роли семьи в современном обществе,Ведомости,business_media,,2025,https://www.vedomosti.ru/opinion/columns/2025/08/20/1138450-o-rol-semyi-v-sovremennom-obschestve,2026-06-01,opinion,other,medium,,family_and_demography,"Материал из раздела «Колонки / публицистика», содержит концепт «СЕМЬЯ», фрейм «социальная динамика семьи» и модель действия «поддержка», значимые для реконструкции медиакультурной модели мира.",metadata_only,assisted_draft
opin_018,Поколение Z и рынок труда: кто кого,Сноб,cultural_media,,,https://snob.ru/entry/3115005,2026-06-01,opinion,essay,medium,,economy_and_labor,"Материал из раздела «Колонки / публицистика», содержит концепт «ПОКОЛЕНИЕ», фрейм «поколенческая динамика на рынке труда» и модель действия «адаптация», значимые для реконструкции медиакультурной модели мира.",metadata_only,assisted_draft
opin_019,Образование как национальный приоритет: что изменилось,Коммерсантъ,business_media,,,https://www.kommersant.ru/doc/8605432,2026-06-01,opinion,column,medium,,technologies;education_and_science,"Материал из раздела «Колонки / публицистика», содержит концепт «ОБРАЗОВАНИЕ», фрейм «образовательная трансформация» и модель действия «реформа», значимые для реконструкции медиакультурной модели мира.",metadata_only,assisted_draft
opin_020,Цифровые права граждан: баланс интересов,Ведомости,business_media,,2026,https://www.vedomosti.ru/opinion/columns/2026/02/10/1178450-cifrovye-prava-grazhdan,2026-06-01,opinion,other,medium,,technologies,"Материал из раздела «Колонки / публицистика», содержит концепт «ПРАВО», фрейм «цифровое регулирование» и модель действия «регулирование», значимые для реконструкции медиакультурной модели мира.",metadata_only,assisted_draft
